ğŸ˜€,grinning_face,grinning
ğŸ˜ƒ,grinning_face_with_big_eyes,smiley
ğŸ˜„,grinning_face_with_smiling_eyes,grinning_face_with_closed_eyes,smile
ğŸ˜,beaming_face_with_smiling_eyes,beaming_face,grin
ğŸ˜†,grinning_squinting_face,laughing,lol,satisfied,squinting_face
ğŸ˜…,grinning_face_with_sweat,sweat_smile
ğŸ¤£,rolling_on_the_floor_laughing,rofl
ğŸ˜‚,face_with_tears_of_joy,joy,lmao,tears_of_joy
ğŸ™‚,slightly_smiling_face,slight_smile
ğŸ™ƒ,upside_down_face,upside_down
ğŸ« ,melting_face,melt
ğŸ˜‰,winking_face,wink
ğŸ˜Š,smiling_face_with_smiling_eyes,blush,smiling_face_with_closed_eyes
ğŸ˜‡,smiling_face_with_halo,halo,innocent
ğŸ¥°,smiling_face_with_hearts,smiling_face_with_3_hearts,smiling_face_with_three_hearts
ğŸ˜,smiling_face_with_heart_eyes,heart_eyes
ğŸ¤©,star_struck,grinning_face_with_star_eyes,star-struck
ğŸ˜˜,face_blowing_a_kiss,blowing_a_kiss,kissing_heart
ğŸ˜—,kissing_face,kissing
â˜ºï¸,smiling_face,relaxed
ğŸ˜š,kissing_face_with_closed_eyes,kissing_closed_eyes
ğŸ˜™,kissing_face_with_smiling_eyes,kissing_smiling_eyes
ğŸ¥²,smiling_face_with_tear
ğŸ˜‹,face_savoring_food,savoring_food,yum
ğŸ˜›,face_with_tongue,stuck_out_tongue
ğŸ˜œ,winking_face_with_tongue,stuck_out_tongue_winking_eye
ğŸ¤ª,zany_face,zany,grinning_face_with_one_large_and_one_small_eye
ğŸ˜,squinting_face_with_tongue,stuck_out_tongue_closed_eyes
ğŸ¤‘,money_mouth_face,money_mouth
ğŸ¤—,smiling_face_with_open_hands,hug,hugging,hugging_face,hugs
ğŸ¤­,face_with_hand_over_mouth,hand_over_mouth,smiling_face_with_smiling_eyes_and_hand_covering_mouth
ğŸ«¢,face_with_open_eyes_and_hand_over_mouth,face_with_open_eyes_hand_over_mouth,gasp
ğŸ«£,face_with_peeking_eye,peek
ğŸ¤«,shushing_face,shush,face_with_finger_covering_closed_lips
ğŸ¤”,thinking_face,thinking,wtf
ğŸ«¡,saluting_face,salute
ğŸ¤,zipper_mouth_face,zipper_mouth
ğŸ¤¨,face_with_raised_eyebrow,raised_eyebrow,face_with_one_eyebrow_raised
ğŸ˜ï¸,neutral_face,neutral
ğŸ˜‘,expressionless_face,expressionless
ğŸ˜¶,face_without_mouth,no_mouth
ğŸ«¥,dotted_line_face
ğŸ˜¶â€ğŸŒ«ï¸,face_in_clouds,in_clouds
ğŸ˜,smirking_face,smirk,smirking
ğŸ˜’,unamused_face,unamused
ğŸ™„,face_with_rolling_eyes,rolling_eyes,roll_eyes
ğŸ˜¬,grimacing_face,grimacing
ğŸ˜®â€ğŸ’¨,face_exhaling,exhale,exhaling
ğŸ¤¥,lying_face,lying,liar
ğŸ«¨,shaking_face,shaking
ğŸ™‚â€â†”ï¸,head_shaking_horizontally
ğŸ™‚â€â†•ï¸,head_shaking_vertically
ğŸ˜Œ,relieved_face,relieved
ğŸ˜”,pensive_face,pensive
ğŸ˜ª,sleepy_face,sleepy
ğŸ¤¤,drooling_face,drooling,drool
ğŸ˜´,sleeping_face,sleeping
ğŸ«©,face_with_bags_under_eyes,face_with_eye_bags
ğŸ˜·,face_with_medical_mask,mask,medical_mask
ğŸ¤’,face_with_thermometer,thermometer_face
ğŸ¤•,face_with_head_bandage,head_bandage
ğŸ¤¢,nauseated_face,nauseated,sick
ğŸ¤®,face_vomiting,vomiting,vomiting_face,face_with_open_mouth_vomiting
ğŸ¤§,sneezing_face,sneezing,sneeze
ğŸ¥µ,hot_face,hot
ğŸ¥¶,cold_face,cold
ğŸ¥´,woozy_face,woozy
ğŸ˜µ,face_with_crossed_out_eyes,dizzy_face,knocked_out
ğŸ˜µâ€ğŸ’«,face_with_spiral_eyes,dizzy_eyes
ğŸ¤¯,exploding_head,shocked_face_with_exploding_head
ğŸ¤ ,cowboy_hat_face,cowboy,cowboy_face,face_with_cowboy_hat
ğŸ¥³,partying_face,hooray,partying
ğŸ¥¸,disguised_face,disguised
ğŸ˜,smiling_face_with_sunglasses,sunglasses_cool,too_cool,sunglasses
ğŸ¤“,nerd_face,nerd
ğŸ§,face_with_monocle,monocle_face
ğŸ˜•,confused_face,confused
ğŸ«¤,face_with_diagonal_mouth
ğŸ˜Ÿ,worried_face,worried
ğŸ™,slightly_frowning_face,slight_frown
â˜¹ï¸,frowning_face,white_frowning_face,frowning2
ğŸ˜®,face_with_open_mouth,open_mouth
ğŸ˜¯,hushed_face,hushed
ğŸ˜²,astonished_face,astonished
ğŸ˜³,flushed_face,flushed
ğŸ¥º,pleading_face,pleading
ğŸ¥¹,face_holding_back_tears,watery_eyes
ğŸ˜¦,frowning_face_with_open_mouth,frowning,frowning_face
ğŸ˜§,anguished_face,anguished
ğŸ˜¨,fearful_face,fearful
ğŸ˜°,anxious_face_with_sweat,anxious,anxious_face,cold_sweat
ğŸ˜¥,sad_but_relieved_face,disappointed_relieved,sad_relieved_face
ğŸ˜¢,crying_face,cry
ğŸ˜­,loudly_crying_face,sob
ğŸ˜±,face_screaming_in_fear,scream,screaming_in_fear
ğŸ˜–,confounded_face,confounded
ğŸ˜£,persevering_face,persevere
ğŸ˜,disappointed_face,disappointed
ğŸ˜“,downcast_face_with_sweat,downcast_face,sweat
ğŸ˜©,weary_face,weary
ğŸ˜«,tired_face,tired
ğŸ¥±,yawning_face,yawn,yawning
ğŸ˜¤,face_with_steam_from_nose,nose_steam,triumph
ğŸ˜¡,enraged_face,pout,pouting_face,rage
ğŸ˜ ,angry_face,angry
ğŸ¤¬,face_with_symbols_on_mouth,censored,cursing_face,serious_face_with_symbols_covering_mouth,face_with_symbols_over_mouth
ğŸ˜ˆ,smiling_face_with_horns,smiling_imp
ğŸ‘¿,angry_face_with_horns,angry_imp,imp
ğŸ’€,skull,skeleton
â˜ ï¸,skull_and_crossbones,skull_crossbones
ğŸ’©,pile_of_poo,poop,shit,hankey,poo
ğŸ¤¡,clown_face,clown
ğŸ‘¹,ogre,japanese_ogre
ğŸ‘º,goblin,japanese_goblin
ğŸ‘»,ghost
ğŸ‘½ï¸,alien
ğŸ‘¾,alien_monster,space_invader
ğŸ¤–,robot,robot_face
ğŸ˜º,grinning_cat,smiley_cat
ğŸ˜¸,grinning_cat_with_smiling_eyes,grinning_cat_with_closed_eyes,smile_cat
ğŸ˜¹,cat_with_tears_of_joy,joy_cat,tears_of_joy_cat
ğŸ˜»,smiling_cat_with_heart_eyes,heart_eyes_cat
ğŸ˜¼,cat_with_wry_smile,smirk_cat,wry_smile_cat
ğŸ˜½,kissing_cat
ğŸ™€,weary_cat,scream_cat
ğŸ˜¿,crying_cat,crying_cat_face
ğŸ˜¾,pouting_cat
ğŸ™ˆ,see_no_evil_monkey,see_no_evil
ğŸ™‰,hear_no_evil_monkey,hear_no_evil
ğŸ™Š,speak_no_evil_monkey,speak_no_evil
ğŸ’Œ,love_letter
ğŸ’˜,heart_with_arrow,cupid
ğŸ’,heart_with_ribbon,gift_heart
ğŸ’–,sparkling_heart
ğŸ’—,growing_heart,heartpulse
ğŸ’“,beating_heart,heartbeat
ğŸ’,revolving_hearts
ğŸ’•,two_hearts
ğŸ’Ÿ,heart_decoration
â£ï¸,heart_exclamation,heavy_heart_exclamation,heavy_heart_exclamation_mark_ornament
ğŸ’”,broken_heart
â¤ï¸â€ğŸ”¥,heart_on_fire
â¤ï¸â€ğŸ©¹,mending_heart
â¤ï¸,red_heart,heart
ğŸ©·,pink_heart
ğŸ§¡,orange_heart
ğŸ’›,yellow_heart
ğŸ’š,green_heart
ğŸ’™,blue_heart
ğŸ©µ,light_blue_heart
ğŸ’œ,purple_heart
ğŸ¤,brown_heart
ğŸ–¤,black_heart
ğŸ©¶,grey_heart,gray_heart
ğŸ¤,white_heart
ğŸ’‹,kiss_mark,kiss
ğŸ’¯,hundred_points,100
ğŸ’¢,anger_symbol,anger
ğŸ’¥,collision,boom
ğŸ’«,dizzy
ğŸ’¦,sweat_droplets,sweat_drops
ğŸ’¨,dashing_away,dash
ğŸ•³ï¸,hole
ğŸ’¬,speech_balloon
ğŸ‘ï¸â€ğŸ—¨ï¸,eye_in_speech_bubble,eye_speech_bubble,eye-in-speech-bubble
ğŸ—¨ï¸,left_speech_bubble,speech_left
ğŸ—¯ï¸,right_anger_bubble,anger_right
ğŸ’­,thought_balloon
ğŸ’¤,zzz
ğŸ‘‹,waving_hand,wave
ğŸ¤š,raised_back_of_hand,back_of_hand
ğŸ–ï¸,hand_with_fingers_splayed,raised_hand_with_fingers_splayed,hand_splayed
âœ‹ï¸,raised_hand,high_five,hand
ğŸ––,vulcan_salute,vulcan,spock-hand,raised_hand_with_part_between_middle_and_ring_fingers
ğŸ«±,rightwards_hand
ğŸ«²,leftwards_hand
ğŸ«³,palm_down_hand,palm_down
ğŸ«´,palm_up_hand,palm_up
ğŸ«·,leftwards_pushing_hand
ğŸ«¸,rightwards_pushing_hand
ğŸ‘Œ,ok_hand
ğŸ¤Œ,pinched_fingers,pinch
ğŸ¤,pinching_hand
âœŒï¸,victory_hand,v,victory
ğŸ¤,crossed_fingers,fingers_crossed,hand_with_index_and_middle_fingers_crossed,hand_with_index_and_middle_finger_crossed
ğŸ«°,hand_with_index_finger_and_thumb_crossed
ğŸ¤Ÿ,love_you_gesture,i_love_you_hand_sign
ğŸ¤˜,sign_of_the_horns,metal,the_horns
ğŸ¤™,call_me_hand,call_me
ğŸ‘ˆï¸,backhand_index_pointing_left,point_left
ğŸ‘‰ï¸,backhand_index_pointing_right,point_right
ğŸ‘†ï¸,backhand_index_pointing_up,point_up,point_up_2
ğŸ–•,middle_finger,fu,reversed_hand_with_middle_finger_extended
ğŸ‘‡ï¸,backhand_index_pointing_down,point_down
â˜ï¸,index_pointing_up,point_up_2,point_up
ğŸ«µ,index_pointing_at_the_viewer,point_forward
ğŸ‘ï¸,thumbs_up,+1,thumbsup,yes,thumbup
ğŸ‘ï¸,thumbs_down,-1,no,thumbsdown,thumbdown
âœŠï¸,raised_fist,fist,fist_raised
ğŸ‘Š,oncoming_fist,punch,facepunch,fist_oncoming
ğŸ¤›,left_facing_fist,fist_left,left-facing_fist,left_fist
ğŸ¤œ,right_facing_fist,fist_right,right-facing_fist,right_fist
ğŸ‘,clapping_hands,clap
ğŸ™Œ,raising_hands,raised_hands
ğŸ«¶,heart_hands
ğŸ‘,open_hands
ğŸ¤²,palms_up_together
ğŸ¤,handshake,shaking_hands
ğŸ™,folded_hands,pray
âœï¸,writing_hand
ğŸ’…,nail_polish,nail_care
ğŸ¤³,selfie
ğŸ’ª,flexed_biceps,muscle,right_bicep
ğŸ¦¾,mechanical_arm
ğŸ¦¿,mechanical_leg
ğŸ¦µ,leg
ğŸ¦¶,foot
ğŸ‘‚ï¸,ear
ğŸ¦»,ear_with_hearing_aid,hearing_aid
ğŸ‘ƒ,nose
ğŸ§ ,brain
ğŸ«€,anatomical_heart
ğŸ«,lungs
ğŸ¦·,tooth
ğŸ¦´,bone
ğŸ‘€,eyes
ğŸ‘ï¸,eye
ğŸ‘…,tongue
ğŸ‘„,mouth,lips
ğŸ«¦,biting_lip
ğŸ‘¶,baby
ğŸ§’,child
ğŸ‘¦,boy
ğŸ‘§,girl
ğŸ§‘,person,adult
ğŸ‘±,person_blond_hair,blond_haired,blond_haired_person,person_with_blond_hair
ğŸ‘¨,man
ğŸ§”,person_beard,person_bearded,bearded_person
ğŸ‘¨â€ğŸ¦°,man_red_hair,man_red_haired,red_haired_man
ğŸ‘¨â€ğŸ¦±,man_curly_hair,man_curly_haired,curly_haired_man
ğŸ‘¨â€ğŸ¦³,man_white_hair,man_white_haired,white_haired_man
ğŸ‘¨â€ğŸ¦²,man_bald,bald_man
ğŸ‘©,woman
ğŸ‘©â€ğŸ¦°,woman_red_hair,woman_red_haired,red_haired_woman
ğŸ§‘â€ğŸ¦°,person_red_hair,red_haired,red_haired_person
ğŸ‘©â€ğŸ¦±,woman_curly_hair,woman_curly_haired,curly_haired_woman
ğŸ§‘â€ğŸ¦±,person_curly_hair,curly_haired,curly_haired_person
ğŸ‘©â€ğŸ¦³,woman_white_hair,woman_white_haired,white_haired_woman
ğŸ§‘â€ğŸ¦³,person_white_hair,white_haired,white_haired_person
ğŸ‘©â€ğŸ¦²,woman_bald,bald_woman
ğŸ§‘â€ğŸ¦²,person_bald,bald,bald_person
ğŸ§“,older_person,older_adult
ğŸ‘´,old_man,older_man
ğŸ‘µ,old_woman,older_woman,grandma
ğŸ™,person_frowning,frowning_person
ğŸ™,person_pouting,pouting,pouting_face,person_with_pouting_face
ğŸ™…,person_gesturing_no,no_good
ğŸ™†,person_gesturing_ok,all_good,ok_person,ok_woman
ğŸ’,person_tipping_hand,information_desk_person,tipping_hand_person
ğŸ™‹,person_raising_hand,raising_hand
ğŸ§,deaf_person
ğŸ™‡,person_bowing,bow
ğŸ¤¦,person_facepalming,facepalm,face_palm
ğŸ¤·,person_shrugging,shrug
ğŸ§‘â€âš•ï¸,health_worker
ğŸ‘¨â€âš•ï¸,man_health_worker,male-doctor
ğŸ‘©â€âš•ï¸,woman_health_worker,female-doctor
ğŸ§‘â€ğŸ“,student
ğŸ‘¨â€ğŸ“,man_student,male-student
ğŸ‘©â€ğŸ“,woman_student,female-student
ğŸ§‘â€ğŸ«,teacher
ğŸ‘¨â€ğŸ«,man_teacher,male-teacher
ğŸ‘©â€ğŸ«,woman_teacher,female-teacher
ğŸ§‘â€âš–ï¸,judge
ğŸ‘¨â€âš–ï¸,man_judge,male-judge
ğŸ‘©â€âš–ï¸,woman_judge,female-judge
ğŸ§‘â€ğŸŒ¾,farmer
ğŸ‘¨â€ğŸŒ¾,man_farmer,male-farmer
ğŸ‘©â€ğŸŒ¾,woman_farmer,female-farmer
ğŸ§‘â€ğŸ³,cook
ğŸ‘¨â€ğŸ³,man_cook,male-cook
ğŸ‘©â€ğŸ³,woman_cook,female-cook
ğŸ§‘â€ğŸ”§,mechanic
ğŸ‘¨â€ğŸ”§,man_mechanic,male-mechanic
ğŸ‘©â€ğŸ”§,woman_mechanic,female-mechanic
ğŸ§‘â€ğŸ­,factory_worker
ğŸ‘¨â€ğŸ­,man_factory_worker,male-factory-worker
ğŸ‘©â€ğŸ­,woman_factory_worker,female-factory-worker
ğŸ§‘â€ğŸ’¼,office_worker
ğŸ‘¨â€ğŸ’¼,man_office_worker,male-office-worker
ğŸ‘©â€ğŸ’¼,woman_office_worker,female-office-worker
ğŸ§‘â€ğŸ”¬,scientist
ğŸ‘¨â€ğŸ”¬,man_scientist,male-scientist
ğŸ‘©â€ğŸ”¬,woman_scientist,female-scientist
ğŸ§‘â€ğŸ’»,technologist
ğŸ‘¨â€ğŸ’»,man_technologist,male-technologist
ğŸ‘©â€ğŸ’»,woman_technologist,female-technologist
ğŸ§‘â€ğŸ¤,singer
ğŸ‘¨â€ğŸ¤,man_singer,male-singer
ğŸ‘©â€ğŸ¤,woman_singer,female-singer
ğŸ§‘â€ğŸ¨,artist
ğŸ‘¨â€ğŸ¨,man_artist,male-artist
ğŸ‘©â€ğŸ¨,woman_artist,female-artist
ğŸ§‘â€âœˆï¸,pilot
ğŸ‘¨â€âœˆï¸,man_pilot,male-pilot
ğŸ‘©â€âœˆï¸,woman_pilot,female-pilot
ğŸ§‘â€ğŸš€,astronaut
ğŸ‘¨â€ğŸš€,man_astronaut,male-astronaut
ğŸ‘©â€ğŸš€,woman_astronaut,female-astronaut
ğŸ§‘â€ğŸš’,firefighter
ğŸ‘¨â€ğŸš’,man_firefighter,male-firefighter
ğŸ‘©â€ğŸš’,woman_firefighter,female-firefighter
ğŸ‘®,police_officer,cop
ğŸ•µï¸,detective,sleuth_or_spy,spy
ğŸ’‚,guard,guardsman
ğŸ¥·,ninja
ğŸ‘·,construction_worker
ğŸ«…,person_with_crown,royalty
ğŸ¤´,prince
ğŸ‘¸,princess
ğŸ‘³,person_wearing_turban,person_with_turban,man_with_turban
ğŸ‘²,person_with_skullcap,man_with_gua_pi_mao,man_with_chinese_cap
ğŸ§•,woman_with_headscarf,person_with_headscarf
ğŸ¤µ,person_in_tuxedo
ğŸ‘°,person_with_veil,bride_with_veil
ğŸ¤°,pregnant_woman,expecting_woman
ğŸ«ƒ,pregnant_man
ğŸ«„,pregnant_person
ğŸ¤±,breast_feeding,breast-feeding
ğŸ‘©â€ğŸ¼,woman_feeding_baby
ğŸ‘¨â€ğŸ¼,man_feeding_baby
ğŸ§‘â€ğŸ¼,person_feeding_baby
ğŸ‘¼,baby_angel,angel
ğŸ…,santa_claus,santa
ğŸ¤¶,mrs_claus,mother_christmas
ğŸ§‘â€ğŸ„,mx_claus
ğŸ¦¸,superhero
ğŸ¦¹,supervillain
ğŸ§™,mage
ğŸ§š,fairy
ğŸ§›,vampire
ğŸ§œ,merperson
ğŸ§,elf
ğŸ§,genie
ğŸ§Ÿ,zombie
ğŸ§Œ,troll
ğŸ’†,person_getting_massage,massage
ğŸ’‡,person_getting_haircut,haircut
ğŸš¶,person_walking,walking
ğŸš¶â€â¡ï¸,person_walking_facing_right,person_walking_right
ğŸ§,person_standing,standing,standing_person
ğŸ§,person_kneeling,kneeling,kneeling_person
ğŸ§â€â¡ï¸,person_kneeling_facing_right,person_kneeling_right
ğŸ§‘â€ğŸ¦¯,person_with_white_cane,person_with_probing_cane
ğŸ§‘â€ğŸ¦¯â€â¡ï¸,person_with_white_cane_facing_right,person_with_white_cane_right
ğŸ‘¨â€ğŸ¦¯,man_with_white_cane,man_with_probing_cane
ğŸ‘¨â€ğŸ¦¯â€â¡ï¸,man_with_white_cane_facing_right,man_with_white_cane_right
ğŸ‘©â€ğŸ¦¯,woman_with_white_cane,woman_with_probing_cane
ğŸ‘©â€ğŸ¦¯â€â¡ï¸,woman_with_white_cane_facing_right,woman_with_white_cane_right
ğŸ§‘â€ğŸ¦¼,person_in_motorized_wheelchair
ğŸ§‘â€ğŸ¦¼â€â¡ï¸,person_in_motorized_wheelchair_facing_right,person_in_motorized_wheelchair_right
ğŸ‘¨â€ğŸ¦¼,man_in_motorized_wheelchair
ğŸ‘¨â€ğŸ¦¼â€â¡ï¸,man_in_motorized_wheelchair_facing_right,man_in_motorized_wheelchair_right
ğŸ‘©â€ğŸ¦¼,woman_in_motorized_wheelchair
ğŸ‘©â€ğŸ¦¼â€â¡ï¸,woman_in_motorized_wheelchair_facing_right,woman_in_motorized_wheelchair_right
ğŸ§‘â€ğŸ¦½,person_in_manual_wheelchair
ğŸ§‘â€ğŸ¦½â€â¡ï¸,person_in_manual_wheelchair_facing_right,person_in_manual_wheelchair_right
ğŸ‘¨â€ğŸ¦½,man_in_manual_wheelchair
ğŸ‘¨â€ğŸ¦½â€â¡ï¸,man_in_manual_wheelchair_facing_right,man_in_manual_wheelchair_right
ğŸ‘©â€ğŸ¦½,woman_in_manual_wheelchair
ğŸ‘©â€ğŸ¦½â€â¡ï¸,woman_in_manual_wheelchair_facing_right,woman_in_manual_wheelchair_right
ğŸƒ,person_running,running,runner
ğŸƒâ€â¡ï¸,person_running_facing_right,person_running_right
ğŸ’ƒ,woman_dancing,dancer
ğŸ•º,man_dancing,male_dancer
ğŸ•´ï¸,person_in_suit_levitating,levitate,levitating,business_suit_levitating,man_in_business_suit_levitating
ğŸ‘¯,people_with_bunny_ears,dancers,people_with_bunny_ears_partying
ğŸ§–,person_in_steamy_room,sauna_person
ğŸ§—,person_climbing,climbing
ğŸ¤º,person_fencing,fencer,fencing
ğŸ‡,horse_racing
â›·ï¸,skier,person_skiing,skiing
ğŸ‚ï¸,snowboarder,person_snowboarding,snowboarding
ğŸŒï¸,person_golfing,golfer,golfing
ğŸ„ï¸,person_surfing,surfer,surfing
ğŸš£,person_rowing_boat,rowboat
ğŸŠï¸,person_swimming,swimmer,swimming
â›¹ï¸,person_bouncing_ball,bouncing_ball_person,person_with_ball,basketball_player
ğŸ‹ï¸,person_lifting_weights,weight_lifter,weight_lifting,lifter
ğŸš´,person_biking,bicyclist,biking
ğŸšµ,person_mountain_biking,mountain_bicyclist,mountain_biking
ğŸ¤¸,person_cartwheeling,cartwheeling,person_cartwheel,person_doing_cartwheel,cartwheel
ğŸ¤¼,people_wrestling,wrestlers,wrestling
ğŸ¤½,person_playing_water_polo,water_polo
ğŸ¤¾,person_playing_handball,handball,handball_person
ğŸ¤¹,person_juggling,juggler,juggling,juggling_person
ğŸ§˜,person_in_lotus_position,lotus_position
ğŸ›€,person_taking_bath,bath
ğŸ›Œ,person_in_bed,sleeping_accommodation,sleeping_bed
ğŸ§‘â€ğŸ¤â€ğŸ§‘,people_holding_hands
ğŸ‘­,women_holding_hands,two_women_holding_hands
ğŸ‘«,woman_and_man_holding_hands,couple,man_and_woman_holding_hands
ğŸ‘¬,men_holding_hands,two_men_holding_hands
ğŸ’,kiss,couple_kiss,couplekiss
ğŸ‘©â€â¤ï¸â€ğŸ’‹â€ğŸ‘¨,kiss_woman_man,kiss_mw,kiss_wm,couplekiss_man_woman,woman-kiss-man
ğŸ‘¨â€â¤ï¸â€ğŸ’‹â€ğŸ‘¨,kiss_man_man,kiss_mm,couplekiss_man_man,man-kiss-man,couplekiss_mm
ğŸ‘©â€â¤ï¸â€ğŸ’‹â€ğŸ‘©,kiss_woman_woman,kiss_ww,couplekiss_woman_woman,woman-kiss-woman,couplekiss_ww
ğŸ’‘,couple_with_heart
ğŸ‘©â€â¤ï¸â€ğŸ‘¨,couple_with_heart_woman_man,couple_with_heart_mw,couple_with_heart_wm,woman-heart-man
ğŸ‘¨â€â¤ï¸â€ğŸ‘¨,couple_with_heart_man_man,couple_with_heart_mm,man-heart-man,couple_mm
ğŸ‘©â€â¤ï¸â€ğŸ‘©,couple_with_heart_woman_woman,couple_with_heart_ww,woman-heart-woman,couple_ww
ğŸ‘¨â€ğŸ‘©â€ğŸ‘¦,family_man_woman_boy,family_mwb,man-woman-boy
ğŸ‘¨â€ğŸ‘©â€ğŸ‘§,family_man_woman_girl,family_mwg,man-woman-girl
ğŸ‘¨â€ğŸ‘©â€ğŸ‘§â€ğŸ‘¦,family_man_woman_girl_boy,family_mwgb,man-woman-girl-boy
ğŸ‘¨â€ğŸ‘©â€ğŸ‘¦â€ğŸ‘¦,family_man_woman_boy_boy,family_mwbb,man-woman-boy-boy
ğŸ‘¨â€ğŸ‘©â€ğŸ‘§â€ğŸ‘§,family_man_woman_girl_girl,family_mwgg,man-woman-girl-girl
ğŸ‘¨â€ğŸ‘¨â€ğŸ‘¦,family_man_man_boy,family_mmb,man-man-boy
ğŸ‘¨â€ğŸ‘¨â€ğŸ‘§,family_man_man_girl,family_mmg,man-man-girl
ğŸ‘¨â€ğŸ‘¨â€ğŸ‘§â€ğŸ‘¦,family_man_man_girl_boy,family_mmgb,man-man-girl-boy
ğŸ‘¨â€ğŸ‘¨â€ğŸ‘¦â€ğŸ‘¦,family_man_man_boy_boy,family_mmbb,man-man-boy-boy
ğŸ‘¨â€ğŸ‘¨â€ğŸ‘§â€ğŸ‘§,family_man_man_girl_girl,family_mmgg,man-man-girl-girl
ğŸ‘©â€ğŸ‘©â€ğŸ‘¦,family_woman_woman_boy,family_wwb,woman-woman-boy
ğŸ‘©â€ğŸ‘©â€ğŸ‘§,family_woman_woman_girl,family_wwg,woman-woman-girl
ğŸ‘©â€ğŸ‘©â€ğŸ‘§â€ğŸ‘¦,family_woman_woman_girl_boy,family_wwgb,woman-woman-girl-boy
ğŸ‘©â€ğŸ‘©â€ğŸ‘¦â€ğŸ‘¦,family_woman_woman_boy_boy,family_wwbb,woman-woman-boy-boy
ğŸ‘©â€ğŸ‘©â€ğŸ‘§â€ğŸ‘§,family_woman_woman_girl_girl,family_wwgg,woman-woman-girl-girl
ğŸ‘¨â€ğŸ‘¦,family_man_boy,family_mb,man-boy
ğŸ‘¨â€ğŸ‘¦â€ğŸ‘¦,family_man_boy_boy,family_mbb,man-boy-boy
ğŸ‘¨â€ğŸ‘§,family_man_girl,family_mg,man-girl
ğŸ‘¨â€ğŸ‘§â€ğŸ‘¦,family_man_girl_boy,family_mgb,man-girl-boy
ğŸ‘¨â€ğŸ‘§â€ğŸ‘§,family_man_girl_girl,family_mgg,man-girl-girl
ğŸ‘©â€ğŸ‘¦,family_woman_boy,family_wb,woman-boy
ğŸ‘©â€ğŸ‘¦â€ğŸ‘¦,family_woman_boy_boy,family_wbb,woman-boy-boy
ğŸ‘©â€ğŸ‘§,family_woman_girl,family_wg,woman-girl
ğŸ‘©â€ğŸ‘§â€ğŸ‘¦,family_woman_girl_boy,family_wgb,woman-girl-boy
ğŸ‘©â€ğŸ‘§â€ğŸ‘§,family_woman_girl_girl,family_wgg,woman-girl-girl
ğŸ—£ï¸,speaking_head,speaking_head_in_silhouette
ğŸ‘¤,bust_in_silhouette
ğŸ‘¥,busts_in_silhouette
ğŸ«‚,people_hugging
ğŸ‘ªï¸,family
ğŸ§‘â€ğŸ§‘â€ğŸ§’,family_adult_adult_child,family_aac
ğŸ§‘â€ğŸ§‘â€ğŸ§’â€ğŸ§’,family_adult_adult_child_child,family_aacc
ğŸ§‘â€ğŸ§’,family_adult_child,family_ac
ğŸ§‘â€ğŸ§’â€ğŸ§’,family_adult_child_child,family_acc
ğŸ‘£,footprints
ğŸ«†,fingerprint
ğŸ»,light_skin_tone,tone1,tone_light,skin-tone-2
ğŸ¼,medium_light_skin_tone,tone2,tone_medium_light,skin-tone-3
ğŸ½,medium_skin_tone,tone3,tone_medium,skin-tone-4
ğŸ¾,medium_dark_skin_tone,tone4,tone_medium_dark,skin-tone-5
ğŸ¿,dark_skin_tone,tone5,tone_dark,skin-tone-6
ğŸ¦°,red_hair,red_haired
ğŸ¦±,curly_hair,curly_haired
ğŸ¦³,white_hair,white_haired
ğŸ¦²,bald,no_hair
ğŸµ,monkey_face
ğŸ’,monkey
ğŸ¦,gorilla
ğŸ¦§,orangutan
ğŸ¶,dog_face,dog
ğŸ•ï¸,dog,dog2
ğŸ¦®,guide_dog
ğŸ•â€ğŸ¦º,service_dog
ğŸ©,poodle
ğŸº,wolf,wolf_face
ğŸ¦Š,fox,fox_face
ğŸ¦,raccoon
ğŸ±,cat_face,cat
ğŸˆï¸,cat,cat2
ğŸˆâ€â¬›,black_cat
ğŸ¦,lion,lion_face
ğŸ¯,tiger_face,tiger
ğŸ…,tiger,tiger2
ğŸ†,leopard
ğŸ´,horse_face,horse
ğŸ«,moose
ğŸ«,donkey
ğŸ,horse,racehorse
ğŸ¦„,unicorn,unicorn_face
ğŸ¦“,zebra,zebra_face
ğŸ¦Œ,deer
ğŸ¦¬,bison
ğŸ®,cow_face,cow
ğŸ‚,ox
ğŸƒ,water_buffalo
ğŸ„,cow,cow2
ğŸ·,pig_face,pig
ğŸ–,pig,pig2
ğŸ—,boar
ğŸ½,pig_nose
ğŸ,ram
ğŸ‘,ewe,sheep
ğŸ,goat
ğŸª,camel,dromedary_camel
ğŸ«,two_hump_camel,camel
ğŸ¦™,llama
ğŸ¦’,giraffe,giraffe_face
ğŸ˜,elephant
ğŸ¦£,mammoth
ğŸ¦,rhinoceros,rhino
ğŸ¦›,hippopotamus,hippo
ğŸ­,mouse_face,mouse
ğŸ,mouse,mouse2
ğŸ€,rat
ğŸ¹,hamster,hamster_face
ğŸ°,rabbit_face,rabbit
ğŸ‡,rabbit,rabbit2
ğŸ¿ï¸,chipmunk
ğŸ¦«,beaver
ğŸ¦”,hedgehog
ğŸ¦‡,bat
ğŸ»,bear,bear_face
ğŸ»â€â„ï¸,polar_bear,polar_bear_face
ğŸ¨,koala,koala_face
ğŸ¼,panda,panda_face
ğŸ¦¥,sloth
ğŸ¦¦,otter
ğŸ¦¨,skunk
ğŸ¦˜,kangaroo
ğŸ¦¡,badger
ğŸ¾,paw_prints,feet
ğŸ¦ƒ,turkey
ğŸ”,chicken,chicken_face
ğŸ“,rooster
ğŸ£,hatching_chick
ğŸ¤,baby_chick
ğŸ¥,front_facing_baby_chick,hatched_chick
ğŸ¦ï¸,bird,bird_face
ğŸ§,penguin,penguin_face
ğŸ•Šï¸,dove,dove_of_peace
ğŸ¦…,eagle
ğŸ¦†,duck
ğŸ¦¢,swan
ğŸ¦‰,owl
ğŸ¦¤,dodo
ğŸª¶,feather
ğŸ¦©,flamingo
ğŸ¦š,peacock
ğŸ¦œ,parrot
ğŸª½,wing
ğŸ¦â€â¬›,black_bird
ğŸª¿,goose
ğŸ¦â€ğŸ”¥,phoenix
ğŸ¸,frog,frog_face
ğŸŠ,crocodile
ğŸ¢,turtle
ğŸ¦,lizard
ğŸ,snake
ğŸ²,dragon_face
ğŸ‰,dragon
ğŸ¦•,sauropod
ğŸ¦–,trex,t-rex,t_rex
ğŸ³,spouting_whale,whale
ğŸ‹,whale,whale2
ğŸ¬,dolphin,flipper
ğŸ¦­,seal
ğŸŸï¸,fish
ğŸ ,tropical_fish
ğŸ¡,blowfish
ğŸ¦ˆ,shark
ğŸ™,octopus
ğŸš,spiral_shell,shell
ğŸª¸,coral
ğŸª¼,jellyfish
ğŸ¦€,crab
ğŸ¦,lobster
ğŸ¦,shrimp
ğŸ¦‘,squid
ğŸ¦ª,oyster
ğŸŒ,snail
ğŸ¦‹,butterfly
ğŸ›,bug
ğŸœ,ant
ğŸ,honeybee,bee
ğŸª²,beetle
ğŸ,lady_beetle,ladybug
ğŸ¦—,cricket
ğŸª³,cockroach
ğŸ•·ï¸,spider
ğŸ•¸ï¸,spider_web
ğŸ¦‚,scorpion
ğŸ¦Ÿ,mosquito
ğŸª°,fly
ğŸª±,worm
ğŸ¦ ,microbe
ğŸ’,bouquet
ğŸŒ¸,cherry_blossom
ğŸ’®,white_flower
ğŸª·,lotus
ğŸµï¸,rosette
ğŸŒ¹,rose
ğŸ¥€,wilted_flower,wilted_rose
ğŸŒº,hibiscus
ğŸŒ»,sunflower
ğŸŒ¼,blossom
ğŸŒ·,tulip
ğŸª»,hyacinth
ğŸŒ±,seedling
ğŸª´,potted_plant
ğŸŒ²,evergreen_tree
ğŸŒ³,deciduous_tree
ğŸŒ´,palm_tree
ğŸŒµ,cactus
ğŸŒ¾,sheaf_of_rice,ear_of_rice
ğŸŒ¿,herb
â˜˜ï¸,shamrock
ğŸ€,four_leaf_clover
ğŸ,maple_leaf
ğŸ‚,fallen_leaf
ğŸƒ,leaf_fluttering_in_wind,leaves
ğŸª¹,empty_nest,nest
ğŸªº,nest_with_eggs
ğŸ„,mushroom
ğŸª¾,leafless_tree
ğŸ‡,grapes
ğŸˆ,melon
ğŸ‰,watermelon
ğŸŠ,tangerine,orange,mandarin
ğŸ‹,lemon
ğŸ‹â€ğŸŸ©,lime
ğŸŒ,banana
ğŸ,pineapple
ğŸ¥­,mango
ğŸ,red_apple,apple
ğŸ,green_apple
ğŸ,pear
ğŸ‘,peach
ğŸ’,cherries
ğŸ“,strawberry
ğŸ«,blueberries
ğŸ¥,kiwi_fruit,kiwi,kiwifruit
ğŸ…,tomato
ğŸ«’,olive
ğŸ¥¥,coconut
ğŸ¥‘,avocado
ğŸ†,eggplant
ğŸ¥”,potato
ğŸ¥•,carrot
ğŸŒ½,ear_of_corn,corn
ğŸŒ¶ï¸,hot_pepper
ğŸ«‘,bell_pepper
ğŸ¥’,cucumber
ğŸ¥¬,leafy_green
ğŸ¥¦,broccoli
ğŸ§„,garlic
ğŸ§…,onion
ğŸ¥œ,peanuts,shelled_peanut
ğŸ«˜,beans
ğŸŒ°,chestnut
ğŸ«š,ginger_root,ginger
ğŸ«›,pea_pod,pea
ğŸ„â€ğŸŸ«,brown_mushroom
ğŸ«œ,root_vegetable
ğŸ,bread
ğŸ¥,croissant
ğŸ¥–,baguette_bread,french_bread
ğŸ«“,flatbread
ğŸ¥¨,pretzel
ğŸ¥¯,bagel
ğŸ¥,pancakes
ğŸ§‡,waffle
ğŸ§€,cheese_wedge,cheese
ğŸ–,meat_on_bone
ğŸ—,poultry_leg
ğŸ¥©,cut_of_meat
ğŸ¥“,bacon
ğŸ”,hamburger
ğŸŸ,french_fries,fries
ğŸ•,pizza
ğŸŒ­,hot_dog,hotdog
ğŸ¥ª,sandwich
ğŸŒ®,taco
ğŸŒ¯,burrito
ğŸ«”,tamale
ğŸ¥™,stuffed_flatbread,stuffed_pita
ğŸ§†,falafel
ğŸ¥š,egg
ğŸ³,cooking,fried_egg
ğŸ¥˜,shallow_pan_of_food,paella
ğŸ²,pot_of_food,stew
ğŸ«•,fondue
ğŸ¥£,bowl_with_spoon
ğŸ¥—,green_salad,salad
ğŸ¿,popcorn
ğŸ§ˆ,butter
ğŸ§‚,salt
ğŸ¥«,canned_food
ğŸ±,bento_box,bento
ğŸ˜,rice_cracker
ğŸ™,rice_ball
ğŸš,cooked_rice,rice
ğŸ›,curry_rice,curry
ğŸœ,steaming_bowl,ramen
ğŸ,spaghetti
ğŸ ,roasted_sweet_potato,sweet_potato
ğŸ¢,oden
ğŸ£,sushi
ğŸ¤,fried_shrimp
ğŸ¥,fish_cake_with_swirl,fish_cake
ğŸ¥®,moon_cake
ğŸ¡,dango
ğŸ¥Ÿ,dumpling
ğŸ¥ ,fortune_cookie
ğŸ¥¡,takeout_box
ğŸ¦,soft_ice_cream,icecream,soft_serve
ğŸ§,shaved_ice
ğŸ¨,ice_cream
ğŸ©,doughnut
ğŸª,cookie
ğŸ‚,birthday_cake,birthday
ğŸ°,shortcake,cake
ğŸ§,cupcake
ğŸ¥§,pie
ğŸ«,chocolate_bar
ğŸ¬,candy
ğŸ­,lollipop
ğŸ®,custard,flan,pudding
ğŸ¯,honey_pot
ğŸ¼,baby_bottle
ğŸ¥›,glass_of_milk,milk,milk_glass
â˜•ï¸,hot_beverage,coffee
ğŸ«–,teapot
ğŸµ,teacup_without_handle,tea
ğŸ¶,sake
ğŸ¾,bottle_with_popping_cork,champagne
ğŸ·,wine_glass
ğŸ¸ï¸,cocktail_glass,cocktail
ğŸ¹,tropical_drink
ğŸº,beer_mug,beer
ğŸ»,clinking_beer_mugs,beers
ğŸ¥‚,clinking_glasses,champagne_glass,clinking_glass
ğŸ¥ƒ,tumbler_glass,whisky
ğŸ«—,pouring_liquid,pour
ğŸ¥¤,cup_with_straw
ğŸ§‹,bubble_tea,boba_drink
ğŸ§ƒ,beverage_box,juice_box
ğŸ§‰,mate,mate_drink
ğŸ§Š,ice,ice_cube
ğŸ¥¢,chopsticks
ğŸ½ï¸,fork_and_knife_with_plate,fork_knife_plate,plate_with_cutlery,knife_fork_plate
ğŸ´,fork_and_knife
ğŸ¥„,spoon
ğŸ”ª,kitchen_knife,knife,hocho
ğŸ«™,jar
ğŸº,amphora
ğŸŒï¸,globe_showing_europe_africa,earth_africa,earth_europe
ğŸŒï¸,globe_showing_americas,earth_americas
ğŸŒï¸,globe_showing_asia_australia,earth_asia
ğŸŒ,globe_with_meridians
ğŸ—ºï¸,world_map,map
ğŸ—¾,map_of_japan,japan_map,japan
ğŸ§­,compass
ğŸ”ï¸,snow_capped_mountain,mountain_snow
â›°ï¸,mountain
ğŸŒ‹,volcano
ğŸ—»,mount_fuji
ğŸ•ï¸,camping
ğŸ–ï¸,beach_with_umbrella,beach,beach_umbrella
ğŸœï¸,desert
ğŸï¸,desert_island,island
ğŸï¸,national_park,park
ğŸŸï¸,stadium
ğŸ›ï¸,classical_building
ğŸ—ï¸,building_construction,construction_site
ğŸ§±,brick,bricks
ğŸª¨,rock
ğŸªµ,wood
ğŸ›–,hut
ğŸ˜ï¸,houses,homes,house_buildings
ğŸšï¸,derelict_house,house_abandoned,derelict_house_building
ğŸ ï¸,house
ğŸ¡,house_with_garden
ğŸ¢,office_building,office
ğŸ£,japanese_post_office,post_office
ğŸ¤,post_office,european_post_office
ğŸ¥,hospital
ğŸ¦,bank
ğŸ¨,hotel
ğŸ©,love_hotel
ğŸª,convenience_store
ğŸ«,school
ğŸ¬,department_store
ğŸ­ï¸,factory
ğŸ¯,japanese_castle
ğŸ°,castle,european_castle
ğŸ’’,wedding
ğŸ—¼,tokyo_tower
ğŸ—½,statue_of_liberty
â›ªï¸,church
ğŸ•Œ,mosque
ğŸ›•,hindu_temple
ğŸ•,synagogue
â›©ï¸,shinto_shrine
ğŸ•‹,kaaba
â›²ï¸,fountain
â›ºï¸,tent
ğŸŒ,foggy
ğŸŒƒ,night_with_stars
ğŸ™ï¸,cityscape
ğŸŒ„,sunrise_over_mountains
ğŸŒ…,sunrise
ğŸŒ†,cityscape_at_dusk,city_dusk,city_sunset
ğŸŒ‡,sunset,city_sunrise,city_sunset
ğŸŒ‰,bridge_at_night
â™¨ï¸,hot_springs,hotsprings
ğŸ ,carousel_horse
ğŸ›,playground_slide,slide
ğŸ¡,ferris_wheel
ğŸ¢,roller_coaster
ğŸ’ˆ,barber_pole,barber
ğŸª,circus_tent
ğŸš‚,locomotive,steam_locomotive
ğŸšƒ,railway_car
ğŸš„,high_speed_train,bullettrain_side
ğŸš…,bullet_train,bullettrain_front
ğŸš†,train,train2
ğŸš‡ï¸,metro
ğŸšˆ,light_rail
ğŸš‰,station
ğŸšŠ,tram
ğŸš,monorail
ğŸš,mountain_railway
ğŸš‹,tram_car,train
ğŸšŒ,bus
ğŸšï¸,oncoming_bus
ğŸš,trolleybus
ğŸš,minibus
ğŸš‘ï¸,ambulance
ğŸš’,fire_engine
ğŸš“,police_car
ğŸš”ï¸,oncoming_police_car
ğŸš•,taxi
ğŸš–,oncoming_taxi
ğŸš—,automobile,car,red_car
ğŸš˜ï¸,oncoming_automobile
ğŸš™,sport_utility_vehicle,blue_car,suv
ğŸ›»,pickup_truck
ğŸšš,delivery_truck,truck
ğŸš›,articulated_lorry
ğŸšœ,tractor
ğŸï¸,racing_car,race_car
ğŸï¸,motorcycle,racing_motorcycle
ğŸ›µ,motor_scooter,motorbike
ğŸ¦½,manual_wheelchair
ğŸ¦¼,motorized_wheelchair
ğŸ›º,auto_rickshaw
ğŸš²ï¸,bicycle,bike
ğŸ›´,kick_scooter,scooter
ğŸ›¹,skateboard
ğŸ›¼,roller_skate
ğŸš,bus_stop,busstop
ğŸ›£ï¸,motorway
ğŸ›¤ï¸,railway_track,railroad_track
ğŸ›¢ï¸,oil_drum,oil
â›½ï¸,fuel_pump,fuelpump
ğŸ›,wheel
ğŸš¨,police_car_light,rotating_light
ğŸš¥,horizontal_traffic_light,traffic_light
ğŸš¦,vertical_traffic_light
ğŸ›‘,stop_sign,octagonal_sign
ğŸš§,construction
âš“ï¸,anchor
ğŸ›Ÿ,ring_buoy,lifebuoy
â›µï¸,sailboat,boat
ğŸ›¶,canoe,kayak
ğŸš¤,speedboat
ğŸ›³ï¸,passenger_ship,cruise_ship
â›´ï¸,ferry
ğŸ›¥ï¸,motor_boat,motorboat
ğŸš¢,ship
âœˆï¸,airplane
ğŸ›©ï¸,small_airplane,airplane_small
ğŸ›«,airplane_departure,flight_departure
ğŸ›¬,airplane_arrival,airplane_arriving,flight_arrival
ğŸª‚,parachute
ğŸ’º,seat
ğŸš,helicopter
ğŸšŸ,suspension_railway
ğŸš ,mountain_cableway
ğŸš¡,aerial_tramway
ğŸ›°ï¸,satellite,artificial_satellite,satellite_orbital
ğŸš€,rocket
ğŸ›¸,flying_saucer
ğŸ›ï¸,bellhop_bell,bellhop
ğŸ§³,luggage
âŒ›ï¸,hourglass_done,hourglass
â³ï¸,hourglass_not_done,hourglass_flowing_sand
âŒšï¸,watch
â°ï¸,alarm_clock
â±ï¸,stopwatch
â²ï¸,timer_clock,timer
ğŸ•°ï¸,mantelpiece_clock,clock,mantlepiece_clock
ğŸ•›ï¸,twelve_oclock,clock12
ğŸ•§ï¸,twelve_thirty,clock1230
ğŸ•ï¸,one_oclock,clock1
ğŸ•œï¸,one_thirty,clock130
ğŸ•‘ï¸,two_oclock,clock2
ğŸ•ï¸,two_thirty,clock230
ğŸ•’ï¸,three_oclock,clock3
ğŸ•ï¸,three_thirty,clock330
ğŸ•“ï¸,four_oclock,clock4
ğŸ•Ÿï¸,four_thirty,clock430
ğŸ•”ï¸,five_oclock,clock5
ğŸ• ï¸,five_thirty,clock530
ğŸ••ï¸,six_oclock,clock6
ğŸ•¡ï¸,six_thirty,clock630
ğŸ•–ï¸,seven_oclock,clock7
ğŸ•¢ï¸,seven_thirty,clock730
ğŸ•—ï¸,eight_oclock,clock8
ğŸ•£ï¸,eight_thirty,clock830
ğŸ•˜ï¸,nine_oclock,clock9
ğŸ•¤ï¸,nine_thirty,clock930
ğŸ•™ï¸,ten_oclock,clock10
ğŸ•¥ï¸,ten_thirty,clock1030
ğŸ•šï¸,eleven_oclock,clock11
ğŸ•¦ï¸,eleven_thirty,clock1130
ğŸŒ‘,new_moon
ğŸŒ’,waxing_crescent_moon
ğŸŒ“,first_quarter_moon
ğŸŒ”,waxing_gibbous_moon,moon
ğŸŒ•ï¸,full_moon
ğŸŒ–,waning_gibbous_moon
ğŸŒ—,last_quarter_moon
ğŸŒ˜,waning_crescent_moon
ğŸŒ™,crescent_moon
ğŸŒš,new_moon_face,new_moon_with_face
ğŸŒ›,first_quarter_moon_face,first_quarter_moon_with_face
ğŸŒœï¸,last_quarter_moon_face,last_quarter_moon_with_face
ğŸŒ¡ï¸,thermometer
â˜€ï¸,sun,sunny
ğŸŒ,full_moon_face,full_moon_with_face
ğŸŒ,sun_with_face
ğŸª,ringed_planet,saturn
â­ï¸,star
ğŸŒŸ,glowing_star,star2
ğŸŒ ,shooting_star,stars
ğŸŒŒ,milky_way
â˜ï¸,cloud
â›…ï¸,sun_behind_cloud,partly_sunny
â›ˆï¸,cloud_with_lightning_and_rain,stormy,thunder_cloud_and_rain,thunder_cloud_rain
ğŸŒ¤ï¸,sun_behind_small_cloud,sunny,mostly_sunny,sun_small_cloud,white_sun_small_cloud,white_sun_with_small_cloud
ğŸŒ¥ï¸,sun_behind_large_cloud,cloudy,barely_sunny,sun_behind_cloud,white_sun_behind_cloud,white_sun_cloud
ğŸŒ¦ï¸,sun_behind_rain_cloud,sun_and_rain,partly_sunny_rain,white_sun_behind_cloud_with_rain,white_sun_rain_cloud
ğŸŒ§ï¸,cloud_with_rain,rainy,rain_cloud,cloud_rain
ğŸŒ¨ï¸,cloud_with_snow,snowy,snow_cloud,cloud_snow
ğŸŒ©ï¸,cloud_with_lightning,lightning,lightning_cloud,cloud_lightning
ğŸŒªï¸,tornado,tornado_cloud,cloud_tornado,cloud_with_tornado
ğŸŒ«ï¸,fog
ğŸŒ¬ï¸,wind_face,wind_blowing_face
ğŸŒ€,cyclone
ğŸŒˆ,rainbow
ğŸŒ‚,closed_umbrella
â˜‚ï¸,umbrella,open_umbrella,umbrella2
â˜”ï¸,umbrella_with_rain_drops,umbrella_with_rain,umbrella
â›±ï¸,umbrella_on_ground,beach_umbrella,parasol_on_ground
âš¡ï¸,high_voltage,zap
â„ï¸,snowflake
â˜ƒï¸,snowman,snowman2,snowman_with_snow
â›„ï¸,snowman_without_snow,snowman
â˜„ï¸,comet
ğŸ”¥,fire,flame
ğŸ’§,droplet
ğŸŒŠ,water_wave,ocean
ğŸƒ,jack_o_lantern
ğŸ„,christmas_tree
ğŸ†,fireworks
ğŸ‡,sparkler
ğŸ§¨,firecracker
âœ¨ï¸,sparkles
ğŸˆ,balloon
ğŸ‰,party_popper,party,tada
ğŸŠ,confetti_ball
ğŸ‹,tanabata_tree
ğŸ,pine_decoration,bamboo
ğŸ,japanese_dolls,dolls
ğŸ,carp_streamer,flags
ğŸ,wind_chime
ğŸ‘,moon_viewing_ceremony,moon_ceremony,rice_scene
ğŸ§§,red_envelope
ğŸ€,ribbon
ğŸ,wrapped_gift,gift
ğŸ—ï¸,reminder_ribbon
ğŸŸï¸,admission_tickets,tickets
ğŸ«,ticket
ğŸ–ï¸,military_medal,medal_military,medal
ğŸ†ï¸,trophy
ğŸ…,sports_medal,medal_sports,medal
ğŸ¥‡,1st_place_medal,1st,first_place_medal,first_place
ğŸ¥ˆ,2nd_place_medal,2nd,second_place_medal,second_place
ğŸ¥‰,3rd_place_medal,3rd,third_place_medal,third_place
âš½ï¸,soccer_ball,soccer
âš¾ï¸,baseball
ğŸ¥,softball
ğŸ€,basketball
ğŸ,volleyball
ğŸˆ,american_football,football
ğŸ‰,rugby_football
ğŸ¾,tennis
ğŸ¥,flying_disc
ğŸ³,bowling
ğŸ,cricket_game,cricket_bat_and_ball,cricket_bat_ball
ğŸ‘,field_hockey,field_hockey_stick_and_ball
ğŸ’,ice_hockey,hockey,ice_hockey_stick_and_puck
ğŸ¥,lacrosse
ğŸ“,ping_pong,table_tennis_paddle_and_ball,table_tennis
ğŸ¸,badminton,badminton_racquet_and_shuttlecock
ğŸ¥Š,boxing_glove,boxing_gloves
ğŸ¥‹,martial_arts_uniform,karate_uniform
ğŸ¥…,goal_net,goal
â›³ï¸,flag_in_hole,golf
â›¸ï¸,ice_skate
ğŸ£,fishing_pole,fishing_pole_and_fish
ğŸ¤¿,diving_mask
ğŸ½,running_shirt,running_shirt_with_sash
ğŸ¿,skis,ski
ğŸ›·,sled
ğŸ¥Œ,curling_stone
ğŸ¯,bullseye,dart,direct_hit
ğŸª€,yo_yo,yo-yo
ğŸª,kite
ğŸ”«,water_pistol,gun,pistol
ğŸ±,pool_8_ball,8ball,billiards
ğŸ”®,crystal_ball
ğŸª„,magic_wand
ğŸ®ï¸,video_game,controller
ğŸ•¹ï¸,joystick
ğŸ°,slot_machine
ğŸ²,game_die
ğŸ§©,puzzle_piece,jigsaw
ğŸ§¸,teddy_bear
ğŸª…,pinata
ğŸª©,mirror_ball,disco,disco_ball
ğŸª†,nesting_dolls
â™ ï¸,spade_suit,spades
â™¥ï¸,heart_suit,hearts
â™¦ï¸,diamond_suit,diamonds
â™£ï¸,club_suit,clubs
â™Ÿï¸,chess_pawn
ğŸƒ,joker,black_joker
ğŸ€„ï¸,mahjong_red_dragon,mahjong
ğŸ´,flower_playing_cards
ğŸ­ï¸,performing_arts
ğŸ–¼ï¸,framed_picture,frame_with_picture,frame_photo
ğŸ¨,artist_palette,art,palette
ğŸ§µ,thread
ğŸª¡,sewing_needle
ğŸ§¶,yarn
ğŸª¢,knot
ğŸ‘“ï¸,glasses,eyeglasses
ğŸ•¶ï¸,sunglasses,dark_sunglasses
ğŸ¥½,goggles
ğŸ¥¼,lab_coat
ğŸ¦º,safety_vest
ğŸ‘”,necktie
ğŸ‘•,t_shirt,shirt,tshirt
ğŸ‘–,jeans
ğŸ§£,scarf
ğŸ§¤,gloves
ğŸ§¥,coat
ğŸ§¦,socks
ğŸ‘—,dress
ğŸ‘˜,kimono
ğŸ¥»,sari
ğŸ©±,one_piece_swimsuit,one-piece_swimsuit
ğŸ©²,briefs,swim_brief
ğŸ©³,shorts
ğŸ‘™,bikini
ğŸ‘š,womans_clothes
ğŸª­,folding_hand_fan,folding_fan
ğŸ‘›,purse
ğŸ‘œ,handbag
ğŸ‘,clutch_bag,pouch
ğŸ›ï¸,shopping_bags,shopping
ğŸ’,backpack,school_satchel
ğŸ©´,thong_sandal
ğŸ‘,mans_shoe,shoe
ğŸ‘Ÿ,running_shoe,athletic_shoe,sneaker
ğŸ¥¾,hiking_boot
ğŸ¥¿,flat_shoe,womans_flat_shoe
ğŸ‘ ,high_heeled_shoe,high_heel
ğŸ‘¡,womans_sandal,sandal
ğŸ©°,ballet_shoes
ğŸ‘¢,womans_boot,boot
ğŸª®,hair_pick
ğŸ‘‘,crown
ğŸ‘’,womans_hat
ğŸ©,top_hat,tophat
ğŸ“ï¸,graduation_cap,mortar_board
ğŸ§¢,billed_cap
ğŸª–,military_helmet
â›‘ï¸,rescue_workers_helmet,helmet_with_cross,rescue_worker_helmet,helmet_with_white_cross
ğŸ“¿,prayer_beads
ğŸ’„,lipstick
ğŸ’,ring
ğŸ’,gem_stone,gem
ğŸ”‡,muted_speaker,mute,no_sound
ğŸ”ˆï¸,speaker_low_volume,low_volume,quiet_sound,speaker
ğŸ”‰,speaker_medium_volume,medium_volumne,sound
ğŸ”Š,speaker_high_volume,high_volume,loud_sound
ğŸ“¢,loudspeaker
ğŸ“£,megaphone,mega
ğŸ“¯,postal_horn
ğŸ””,bell
ğŸ”•,bell_with_slash,no_bell
ğŸ¼,musical_score
ğŸµ,musical_note
ğŸ¶,musical_notes,notes
ğŸ™ï¸,studio_microphone,microphone2
ğŸšï¸,level_slider
ğŸ›ï¸,control_knobs
ğŸ¤,microphone
ğŸ§ï¸,headphone,headphones
ğŸ“»ï¸,radio
ğŸ·,saxophone
ğŸª—,accordion
ğŸ¸,guitar
ğŸ¹,musical_keyboard
ğŸº,trumpet
ğŸ»,violin
ğŸª•,banjo
ğŸ¥,drum,drum_with_drumsticks
ğŸª˜,long_drum
ğŸª‡,maracas
ğŸªˆ,flute
ğŸª‰,harp
ğŸ“±,mobile_phone,android,iphone
ğŸ“²,mobile_phone_with_arrow,calling,mobile_phone_arrow
â˜ï¸,telephone,phone
ğŸ“,telephone_receiver
ğŸ“Ÿï¸,pager
ğŸ“ ,fax_machine,fax
ğŸ”‹,battery
ğŸª«,low_battery
ğŸ”Œ,electric_plug
ğŸ’»ï¸,laptop,computer
ğŸ–¥ï¸,desktop_computer,computer,desktop
ğŸ–¨ï¸,printer
âŒ¨ï¸,keyboard
ğŸ–±ï¸,computer_mouse,three_button_mouse,mouse_three_button
ğŸ–²ï¸,trackball
ğŸ’½,computer_disk,minidisc
ğŸ’¾,floppy_disk
ğŸ’¿ï¸,optical_disk,cd
ğŸ“€,dvd
ğŸ§®,abacus
ğŸ¥,movie_camera
ğŸï¸,film_frames,film_strip
ğŸ“½ï¸,film_projector,projector
ğŸ¬ï¸,clapper_board,clapper
ğŸ“ºï¸,television,tv
ğŸ“·ï¸,camera
ğŸ“¸,camera_with_flash,camera_flash
ğŸ“¹ï¸,video_camera
ğŸ“¼,videocassette,vhs
ğŸ”ï¸,magnifying_glass_tilted_left,mag
ğŸ”,magnifying_glass_tilted_right,mag_right
ğŸ•¯ï¸,candle
ğŸ’¡,light_bulb,bulb
ğŸ”¦,flashlight
ğŸ®,red_paper_lantern,izakaya_lantern,lantern
ğŸª”,diya_lamp
ğŸ“”,notebook_with_decorative_cover
ğŸ“•,closed_book
ğŸ“–,open_book,book
ğŸ“—,green_book
ğŸ“˜,blue_book
ğŸ“™,orange_book
ğŸ“šï¸,books
ğŸ““,notebook
ğŸ“’,ledger
ğŸ“ƒ,page_with_curl
ğŸ“œ,scroll
ğŸ“„,page_facing_up
ğŸ“°,newspaper
ğŸ—ï¸,rolled_up_newspaper,newspaper_roll,newspaper2
ğŸ“‘,bookmark_tabs
ğŸ”–,bookmark
ğŸ·ï¸,label
ğŸ’°ï¸,money_bag,moneybag
ğŸª™,coin
ğŸ’´,yen_banknote,yen
ğŸ’µ,dollar_banknote,dollar
ğŸ’¶,euro_banknote,euro
ğŸ’·,pound_banknote,pound
ğŸ’¸,money_with_wings
ğŸ’³ï¸,credit_card
ğŸ§¾,receipt
ğŸ’¹,chart_increasing_with_yen,chart
âœ‰ï¸,envelope,email
ğŸ“§,email,e-mail,e_mail
ğŸ“¨,incoming_envelope
ğŸ“©,envelope_with_arrow
ğŸ“¤ï¸,outbox_tray
ğŸ“¥ï¸,inbox_tray
ğŸ“¦ï¸,package
ğŸ“«ï¸,closed_mailbox_with_raised_flag,mailbox
ğŸ“ªï¸,closed_mailbox_with_lowered_flag,mailbox_closed
ğŸ“¬ï¸,open_mailbox_with_raised_flag,mailbox_with_mail
ğŸ“­ï¸,open_mailbox_with_lowered_flag,mailbox_with_no_mail
ğŸ“®,postbox
ğŸ—³ï¸,ballot_box_with_ballot,ballot_box
âœï¸,pencil,pencil2
âœ’ï¸,black_nib
ğŸ–‹ï¸,fountain_pen,lower_left_fountain_pen,pen_fountain
ğŸ–Šï¸,pen,lower_left_ballpoint_pen,pen_ballpoint
ğŸ–Œï¸,paintbrush,lower_left_paintbrush
ğŸ–ï¸,crayon,lower_left_crayon
ğŸ“,memo,pencil
ğŸ’¼,briefcase
ğŸ“,file_folder
ğŸ“‚,open_file_folder
ğŸ—‚ï¸,card_index_dividers,dividers
ğŸ“…,calendar,date
ğŸ“†,tear_off_calendar,calendar
ğŸ—’ï¸,spiral_notepad,notepad_spiral,spiral_note_pad
ğŸ—“ï¸,spiral_calendar,calendar_spiral,spiral_calendar_pad
ğŸ“‡,card_index
ğŸ“ˆ,chart_increasing,chart_with_upwards_trend
ğŸ“‰,chart_decreasing,chart_with_downwards_trend
ğŸ“Š,bar_chart
ğŸ“‹ï¸,clipboard
ğŸ“Œ,pushpin
ğŸ“,round_pushpin
ğŸ“,paperclip
ğŸ–‡ï¸,linked_paperclips,paperclips
ğŸ“,straight_ruler
ğŸ“,triangular_ruler
âœ‚ï¸,scissors
ğŸ—ƒï¸,card_file_box,card_box
ğŸ—„ï¸,file_cabinet
ğŸ—‘ï¸,wastebasket,trashcan
ğŸ”’ï¸,locked,lock
ğŸ”“ï¸,unlocked,unlock
ğŸ”,locked_with_pen,lock_with_ink_pen
ğŸ”,locked_with_key,closed_lock_with_key
ğŸ”‘,key
ğŸ—ï¸,old_key,key2
ğŸ”¨,hammer
ğŸª“,axe
â›ï¸,pick
âš’ï¸,hammer_and_pick,hammer_pick
ğŸ› ï¸,hammer_and_wrench,tools
ğŸ—¡ï¸,dagger,dagger_knife
âš”ï¸,crossed_swords
ğŸ’£ï¸,bomb
ğŸªƒ,boomerang
ğŸ¹,bow_and_arrow,archery
ğŸ›¡ï¸,shield
ğŸªš,carpentry_saw
ğŸ”§,wrench
ğŸª›,screwdriver
ğŸ”©,nut_and_bolt
âš™ï¸,gear
ğŸ—œï¸,clamp,compression
âš–ï¸,balance_scale,scales
ğŸ¦¯,white_cane,probing_cane
ğŸ”—,link
â›“ï¸â€ğŸ’¥,broken_chain
â›“ï¸,chains
ğŸª,hook
ğŸ§°,toolbox
ğŸ§²,magnet
ğŸªœ,ladder
ğŸª,shovel
âš—ï¸,alembic
ğŸ§ª,test_tube
ğŸ§«,petri_dish
ğŸ§¬,dna,double_helix
ğŸ”¬,microscope
ğŸ”­,telescope
ğŸ“¡,satellite_antenna,satellite
ğŸ’‰,syringe
ğŸ©¸,drop_of_blood
ğŸ’Š,pill
ğŸ©¹,adhesive_bandage,bandaid
ğŸ©¼,crutch
ğŸ©º,stethoscope
ğŸ©»,x_ray,x-ray,xray
ğŸšª,door
ğŸ›—,elevator
ğŸª,mirror
ğŸªŸ,window
ğŸ›ï¸,bed
ğŸ›‹ï¸,couch_and_lamp,couch
ğŸª‘,chair
ğŸš½,toilet
ğŸª ,plunger
ğŸš¿,shower
ğŸ›,bathtub
ğŸª¤,mouse_trap
ğŸª’,razor
ğŸ§´,lotion_bottle,squeeze_bottle
ğŸ§·,safety_pin
ğŸ§¹,broom
ğŸ§º,basket
ğŸ§»,roll_of_paper,toilet_paper
ğŸª£,bucket
ğŸ§¼,soap
ğŸ«§,bubbles
ğŸª¥,toothbrush
ğŸ§½,sponge
ğŸ§¯,fire_extinguisher
ğŸ›’,shopping_cart,shopping_trolley
ğŸš¬,cigarette,smoking
âš°ï¸,coffin
ğŸª¦,headstone
âš±ï¸,funeral_urn,urn
ğŸ§¿,nazar_amulet
ğŸª¬,hamsa
ğŸ—¿,moai,moyai
ğŸª§,placard
ğŸªª,identification_card,id_card
ğŸ§,atm_sign,atm
ğŸš®,litter_in_bin_sign,litter_bin,put_litter_in_its_place
ğŸš°,potable_water
â™¿ï¸,wheelchair_symbol,handicapped,wheelchair
ğŸš¹ï¸,mens_room,mens
ğŸšºï¸,womens_room,womens
ğŸš»,restroom,bathroom
ğŸš¼ï¸,baby_symbol
ğŸš¾,water_closet,wc
ğŸ›‚,passport_control
ğŸ›ƒ,customs
ğŸ›„,baggage_claim
ğŸ›…,left_luggage
âš ï¸,warning
ğŸš¸,children_crossing
â›”ï¸,no_entry
ğŸš«,prohibited,no_entry_sign
ğŸš³,no_bicycles
ğŸš­ï¸,no_smoking
ğŸš¯,no_littering,do_not_litter
ğŸš±,non_potable_water,non-potable_water
ğŸš·,no_pedestrians
ğŸ“µ,no_mobile_phones
ğŸ”,no_one_under_eighteen,no_one_under_18,underage
â˜¢ï¸,radioactive,radioactive_sign
â˜£ï¸,biohazard,biohazard_sign
â¬†ï¸,up_arrow,arrow_up
â†—ï¸,up_right_arrow,arrow_upper_right
â¡ï¸,right_arrow,arrow_right
â†˜ï¸,down_right_arrow,arrow_lower_right
â¬‡ï¸,down_arrow,arrow_down
â†™ï¸,down_left_arrow,arrow_lower_left
â¬…ï¸,left_arrow,arrow_left
â†–ï¸,up_left_arrow,arrow_upper_left
â†•ï¸,up_down_arrow,arrow_up_down
â†”ï¸,left_right_arrow
â†©ï¸,right_arrow_curving_left,arrow_left_hook,leftwards_arrow_with_hook
â†ªï¸,left_arrow_curving_right,arrow_right_hook,rightwards_arrow_with_hook
â¤´ï¸,right_arrow_curving_up,arrow_heading_up
â¤µï¸,right_arrow_curving_down,arrow_heading_down
ğŸ”ƒ,clockwise_vertical_arrows,arrows_clockwise,clockwise
ğŸ”„,counterclockwise_arrows_button,arrows_counterclockwise,counterclockwise
ğŸ”™,back_arrow,back
ğŸ”š,end_arrow,end
ğŸ”›,on_arrow,on
ğŸ”œ,soon_arrow,soon
ğŸ”,top_arrow,top
ğŸ›,place_of_worship,worship_symbol
âš›ï¸,atom_symbol,atom
ğŸ•‰ï¸,om,om_symbol
âœ¡ï¸,star_of_david
â˜¸ï¸,wheel_of_dharma
â˜¯ï¸,yin_yang
âœï¸,latin_cross,cross
â˜¦ï¸,orthodox_cross
â˜ªï¸,star_and_crescent
â˜®ï¸,peace_symbol,peace
ğŸ•,menorah,menorah_with_nine_branches
ğŸ”¯,dotted_six_pointed_star,six_pointed_star
ğŸª¯,khanda
â™ˆï¸,aries
â™‰ï¸,taurus
â™Šï¸,gemini
â™‹ï¸,cancer
â™Œï¸,leo
â™ï¸,virgo
â™ï¸,libra
â™ï¸,scorpio,scorpius
â™ï¸,sagittarius
â™‘ï¸,capricorn
â™’ï¸,aquarius
â™“ï¸,pisces
â›ï¸,ophiuchus
ğŸ”€,shuffle_tracks_button,shuffle,twisted_rightwards_arrows
ğŸ”,repeat_button,repeat
ğŸ”‚,repeat_single_button,repeat_one
â–¶ï¸,play_button,arrow_forward,play
â©ï¸,fast_forward_button,fast_forward
â­ï¸,next_track_button,next_track,black_right_pointing_double_triangle_with_vertical_bar,track_next
â¯ï¸,play_or_pause_button,play_pause,black_right_pointing_triangle_with_double_vertical_bar
â—€ï¸,reverse_button,arrow_backward,reverse
âªï¸,fast_reverse_button,fast_reverse,rewind
â®ï¸,last_track_button,previous_track,previous_track_button,black_left_pointing_double_triangle_with_vertical_bar,track_previous
ğŸ”¼,upwards_button,arrow_up_small,up
â«ï¸,fast_up_button,arrow_double_up,fast_up
ğŸ”½,downwards_button,arrow_down_small,down
â¬ï¸,fast_down_button,arrow_double_down,fast_down
â¸ï¸,pause_button,pause,double_vertical_bar
â¹ï¸,stop_button,stop,black_square_for_stop
âºï¸,record_button,record,black_circle_for_record
âï¸,eject_button,eject,eject_symbol
ğŸ¦,cinema
ğŸ”…,dim_button,low_brightness
ğŸ”†,bright_button,high_brightness
ğŸ“¶,antenna_bars,signal_strength
ğŸ›œ,wireless
ğŸ“³,vibration_mode
ğŸ“´,mobile_phone_off
â™€ï¸,female_sign,female
â™‚ï¸,male_sign,male
âš§ï¸,transgender_symbol
âœ–ï¸,multiply,multiplication,heavy_multiplication_x
â•ï¸,plus,heavy_plus_sign
â–ï¸,minus,heavy_minus_sign
â—ï¸,divide,division,heavy_division_sign
ğŸŸ°,heavy_equals_sign
â™¾ï¸,infinity
â€¼ï¸,double_exclamation_mark,bangbang,double_exclamation
â‰ï¸,exclamation_question_mark,exclamation_question,interrobang
â“ï¸,red_question_mark,question,question_mark
â”ï¸,white_question_mark,white_question,grey_question
â•ï¸,white_exclamation_mark,white_exclamation,grey_exclamation
â—ï¸,red_exclamation_mark,exclamation,heavy_exclamation_mark
ã€°ï¸,wavy_dash
ğŸ’±,currency_exchange
ğŸ’²,heavy_dollar_sign
âš•ï¸,medical_symbol,medical,staff_of_aesculapius
â™»ï¸,recycling_symbol,recycle
âšœï¸,fleur_de_lis,fleur-de-lis
ğŸ”±,trident_emblem,trident
ğŸ“›,name_badge
ğŸ”°,japanese_symbol_for_beginner,beginner
â­•ï¸,hollow_red_circle,red_o,o
âœ…ï¸,check_mark_button,white_check_mark
â˜‘ï¸,check_box_with_check,ballot_box_with_check
âœ”ï¸,check_mark,heavy_check_mark
âŒï¸,cross_mark,x
âï¸,cross_mark_button,negative_squared_cross_mark
â°ï¸,curly_loop
â¿ï¸,double_curly_loop,loop
ã€½ï¸,part_alternation_mark
âœ³ï¸,eight_spoked_asterisk
âœ´ï¸,eight_pointed_star,eight_pointed_black_star
â‡ï¸,sparkle
Â©ï¸,copyright
Â®ï¸,registered
â„¢ï¸,trade_mark,tm
ğŸ«Ÿ,splatter
#ï¸âƒ£,keycap_number_sign,hash,number_sign
*ï¸âƒ£,keycap_asterisk,asterisk,keycap_star
0ï¸âƒ£,keycap_0,zero
1ï¸âƒ£,keycap_1,one
2ï¸âƒ£,keycap_2,two
3ï¸âƒ£,keycap_3,three
4ï¸âƒ£,keycap_4,four
5ï¸âƒ£,keycap_5,five
6ï¸âƒ£,keycap_6,six
7ï¸âƒ£,keycap_7,seven
8ï¸âƒ£,keycap_8,eight
9ï¸âƒ£,keycap_9,nine
ğŸ”Ÿ,keycap_10,ten,keycap_ten
ğŸ” ,input_latin_uppercase,capital_abcd
ğŸ”¡,input_latin_lowercase,abcd
ğŸ”¢,input_numbers,1234
ğŸ”£,input_symbols,symbols
ğŸ”¤,input_latin_letters,abc
ğŸ…°ï¸,a_button_blood_type,a,a_blood
ğŸ†,ab_button_blood_type,ab,ab_blood
ğŸ…±ï¸,b_button_blood_type,b,b_blood
ğŸ†‘,cl_button,cl
ğŸ†’,cool_button,cool
ğŸ†“,free_button,free
â„¹ï¸,information,info,information_source
ğŸ†”,id_button,id
â“‚ï¸,circled_m,m
ğŸ†•,new_button,new
ğŸ†–,ng_button,ng
ğŸ…¾ï¸,o_button_blood_type,o,o_blood,o2
ğŸ†—,ok_button,ok
ğŸ…¿ï¸,p_button,parking
ğŸ†˜,sos_button,sos
ğŸ†™,up_button,up2,up
ğŸ†š,vs_button,vs
ğŸˆ,japanese_here_button,ja_here,koko
ğŸˆ‚ï¸,japanese_service_charge_button,ja_service_charge,sa
ğŸˆ·ï¸,japanese_monthly_amount_button,ja_monthly_amount,u6708
ğŸˆ¶,japanese_not_free_of_charge_button,ja_not_free_of_carge,u6709
ğŸˆ¯ï¸,japanese_reserved_button,ja_reserved,u6307
ğŸ‰,japanese_bargain_button,ideograph_advantage,ja_bargain
ğŸˆ¹,japanese_discount_button,ja_discount,u5272
ğŸˆšï¸,japanese_free_of_charge_button,ja_free_of_charge,u7121
ğŸˆ²,japanese_prohibited_button,ja_prohibited,u7981
ğŸ‰‘,japanese_acceptable_button,accept,ja_acceptable
ğŸˆ¸,japanese_application_button,ja_application,u7533
ğŸˆ´,japanese_passing_grade_button,ja_passing_grade,u5408
ğŸˆ³,japanese_vacancy_button,ja_vacancy,u7a7a
ãŠ—ï¸,japanese_congratulations_button,congratulations,ja_congratulations
ãŠ™ï¸,japanese_secret_button,ja_secret,secret
ğŸˆº,japanese_open_for_business_button,ja_open_for_business,u55b6
ğŸˆµ,japanese_no_vacancy_button,ja_no_vacancy,u6e80
ğŸ”´,red_circle
ğŸŸ ,orange_circle,large_orange_circle
ğŸŸ¡,yellow_circle,large_yellow_circle
ğŸŸ¢,green_circle,large_green_circle
ğŸ”µ,blue_circle,large_blue_circle
ğŸŸ£,purple_circle,large_purple_circle
ğŸŸ¤,brown_circle,large_brown_circle
âš«ï¸,black_circle
âšªï¸,white_circle
ğŸŸ¥,red_square,large_red_square
ğŸŸ§,orange_square,large_orange_square
ğŸŸ¨,yellow_square,large_yellow_square
ğŸŸ©,green_square,large_green_square
ğŸŸ¦,blue_square,large_blue_square
ğŸŸª,purple_square,large_purple_square
ğŸŸ«,brown_square,large_brown_square
â¬›ï¸,black_large_square
â¬œï¸,white_large_square
â—¼ï¸,black_medium_square
â—»ï¸,white_medium_square
â—¾ï¸,black_medium_small_square
â—½ï¸,white_medium_small_square
â–ªï¸,black_small_square
â–«ï¸,white_small_square
ğŸ”¶,large_orange_diamond
ğŸ”·,large_blue_diamond
ğŸ”¸,small_orange_diamond
ğŸ”¹,small_blue_diamond
ğŸ”º,red_triangle_pointed_up,small_red_triangle
ğŸ”»,red_triangle_pointed_down,small_red_triangle_down
ğŸ’ ,diamond_with_a_dot,diamond_shape_with_a_dot_inside
ğŸ”˜,radio_button
ğŸ”³,white_square_button
ğŸ”²,black_square_button
ğŸ,chequered_flag,checkered_flag
ğŸš©,triangular_flag,triangular_flag_on_post
ğŸŒ,crossed_flags
ğŸ´,black_flag,waving_black_flag,flag_black
ğŸ³ï¸,white_flag,waving_white_flag,flag_white
ğŸ³ï¸â€ğŸŒˆ,rainbow_flag,rainbow-flag,gay_pride_flag
ğŸ³ï¸â€âš§ï¸,transgender_flag
ğŸ´â€â˜ ï¸,pirate_flag,jolly_roger
ğŸ‡¦ğŸ‡¨,flag_ascension_island,ascension_island,flag_ac,flag-ac,ac
ğŸ‡¦ğŸ‡©,flag_andorra,andorra,flag_ad,flag-ad,ad
ğŸ‡¦ğŸ‡ª,flag_united_arab_emirates,flag_ae,united_arab_emirates,flag-ae,ae
ğŸ‡¦ğŸ‡«,flag_afghanistan,afghanistan,flag_af,flag-af,af
ğŸ‡¦ğŸ‡¬,flag_antigua_barbuda,antigua_barbuda,flag_ag,flag-ag,ag
ğŸ‡¦ğŸ‡®,flag_anguilla,anguilla,flag_ai,flag-ai,ai
ğŸ‡¦ğŸ‡±,flag_albania,albania,flag_al,flag-al,al
ğŸ‡¦ğŸ‡²,flag_armenia,armenia,flag_am,flag-am,am
ğŸ‡¦ğŸ‡´,flag_angola,angola,flag_ao,flag-ao,ao
ğŸ‡¦ğŸ‡¶,flag_antarctica,antarctica,flag_aq,flag-aq,aq
ğŸ‡¦ğŸ‡·,flag_argentina,argentina,flag_ar,flag-ar,ar
ğŸ‡¦ğŸ‡¸,flag_american_samoa,american_samoa,flag_as,flag-as,as
ğŸ‡¦ğŸ‡¹,flag_austria,austria,flag_at,flag-at,at
ğŸ‡¦ğŸ‡º,flag_australia,australia,flag_au,flag-au,au
ğŸ‡¦ğŸ‡¼,flag_aruba,aruba,flag_aw,flag-aw,aw
ğŸ‡¦ğŸ‡½,flag_aland_islands,aland_islands,flag_ax,flag-ax,ax
ğŸ‡¦ğŸ‡¿,flag_azerbaijan,azerbaijan,flag_az,flag-az,az
ğŸ‡§ğŸ‡¦,flag_bosnia_herzegovina,bosnia_herzegovina,flag_ba,flag-ba,ba
ğŸ‡§ğŸ‡§,flag_barbados,barbados,flag_bb,flag-bb,bb
ğŸ‡§ğŸ‡©,flag_bangladesh,bangladesh,flag_bd,flag-bd,bd
ğŸ‡§ğŸ‡ª,flag_belgium,belgium,flag_be,flag-be,be
ğŸ‡§ğŸ‡«,flag_burkina_faso,burkina_faso,flag_bf,flag-bf,bf
ğŸ‡§ğŸ‡¬,flag_bulgaria,bulgaria,flag_bg,flag-bg,bg
ğŸ‡§ğŸ‡­,flag_bahrain,bahrain,flag_bh,flag-bh,bh
ğŸ‡§ğŸ‡®,flag_burundi,burundi,flag_bi,flag-bi,bi
ğŸ‡§ğŸ‡¯,flag_benin,benin,flag_bj,flag-bj,bj
ğŸ‡§ğŸ‡±,flag_st_barthelemy,flag_bl,st_barthelemy,flag-bl,bl
ğŸ‡§ğŸ‡²,flag_bermuda,bermuda,flag_bm,flag-bm,bm
ğŸ‡§ğŸ‡³,flag_brunei,brunei,flag_bn,flag-bn,bn
ğŸ‡§ğŸ‡´,flag_bolivia,bolivia,flag_bo,flag-bo,bo
ğŸ‡§ğŸ‡¶,flag_caribbean_netherlands,caribbean_netherlands,flag_bq,flag-bq,bq
ğŸ‡§ğŸ‡·,flag_brazil,brazil,flag_br,flag-br,br
ğŸ‡§ğŸ‡¸,flag_bahamas,bahamas,flag_bs,flag-bs,bs
ğŸ‡§ğŸ‡¹,flag_bhutan,bhutan,flag_bt,flag-bt,bt
ğŸ‡§ğŸ‡»,flag_bouvet_island,bouvet_island,flag_bv,flag-bv,bv
ğŸ‡§ğŸ‡¼,flag_botswana,botswana,flag_bw,flag-bw,bw
ğŸ‡§ğŸ‡¾,flag_belarus,belarus,flag_by,flag-by,by
ğŸ‡§ğŸ‡¿,flag_belize,belize,flag_bz,flag-bz,bz
ğŸ‡¨ğŸ‡¦,flag_canada,canada,flag_ca,flag-ca,ca
ğŸ‡¨ğŸ‡¨,flag_cocos_keeling_islands,cocos_islands,flag_cc,flag-cc,cc
ğŸ‡¨ğŸ‡©,flag_congo_kinshasa,congo_kinshasa,flag_cd,flag-cd,congo
ğŸ‡¨ğŸ‡«,flag_central_african_republic,central_african_republic,flag_cf,flag-cf,cf
ğŸ‡¨ğŸ‡¬,flag_congo_brazzaville,congo_brazzaville,flag_cg,flag-cg,cg
ğŸ‡¨ğŸ‡­,flag_switzerland,flag_ch,switzerland,flag-ch,ch
ğŸ‡¨ğŸ‡®,flag_cote_divoire,cote_divoire,flag_ci,flag-ci,ci
ğŸ‡¨ğŸ‡°,flag_cook_islands,cook_islands,flag_ck,flag-ck,ck
ğŸ‡¨ğŸ‡±,flag_chile,chile,flag_cl,flag-cl
ğŸ‡¨ğŸ‡²,flag_cameroon,cameroon,flag_cm,flag-cm,cm
ğŸ‡¨ğŸ‡³,flag_china,china,flag_cn,cn,flag-cn
ğŸ‡¨ğŸ‡´,flag_colombia,colombia,flag_co,flag-co,co
ğŸ‡¨ğŸ‡µ,flag_clipperton_island,clipperton_island,flag_cp,flag-cp,cp
ğŸ‡¨ğŸ‡¶,flag_sark,flag_cq,sark
ğŸ‡¨ğŸ‡·,flag_costa_rica,costa_rica,flag_cr,flag-cr,cr
ğŸ‡¨ğŸ‡º,flag_cuba,cuba,flag_cu,flag-cu,cu
ğŸ‡¨ğŸ‡»,flag_cape_verde,cape_verde,flag_cv,flag-cv,cv
ğŸ‡¨ğŸ‡¼,flag_curacao,curacao,flag_cw,flag-cw,cw
ğŸ‡¨ğŸ‡½,flag_christmas_island,christmas_island,flag_cx,flag-cx,cx
ğŸ‡¨ğŸ‡¾,flag_cyprus,cyprus,flag_cy,flag-cy,cy
ğŸ‡¨ğŸ‡¿,flag_czechia,czech_republic,czechia,flag_cz,flag-cz,cz
ğŸ‡©ğŸ‡ª,flag_germany,flag_de,germany,de,flag-de
ğŸ‡©ğŸ‡¬,flag_diego_garcia,diego_garcia,flag_dg,flag-dg,dg
ğŸ‡©ğŸ‡¯,flag_djibouti,djibouti,flag_dj,flag-dj,dj
ğŸ‡©ğŸ‡°,flag_denmark,denmark,flag_dk,flag-dk,dk
ğŸ‡©ğŸ‡²,flag_dominica,dominica,flag_dm,flag-dm,dm
ğŸ‡©ğŸ‡´,flag_dominican_republic,dominican_republic,flag_do,flag-do,do
ğŸ‡©ğŸ‡¿,flag_algeria,algeria,flag_dz,flag-dz,dz
ğŸ‡ªğŸ‡¦,flag_ceuta_melilla,ceuta_melilla,flag_ea,flag-ea,ea
ğŸ‡ªğŸ‡¨,flag_ecuador,ecuador,flag_ec,flag-ec,ec
ğŸ‡ªğŸ‡ª,flag_estonia,estonia,flag_ee,flag-ee,ee
ğŸ‡ªğŸ‡¬,flag_egypt,egypt,flag_eg,flag-eg,eg
ğŸ‡ªğŸ‡­,flag_western_sahara,flag_eh,western_sahara,flag-eh,eh
ğŸ‡ªğŸ‡·,flag_eritrea,eritrea,flag_er,flag-er,er
ğŸ‡ªğŸ‡¸,flag_spain,flag_es,spain,es,flag-es
ğŸ‡ªğŸ‡¹,flag_ethiopia,ethiopia,flag_et,flag-et,et
ğŸ‡ªğŸ‡º,flag_european_union,european_union,flag_eu,eu,flag-eu
ğŸ‡«ğŸ‡®,flag_finland,finland,flag_fi,flag-fi,fi
ğŸ‡«ğŸ‡¯,flag_fiji,fiji,flag_fj,flag-fj,fj
ğŸ‡«ğŸ‡°,flag_falkland_islands,falkland_islands,flag_fk,flag-fk,fk
ğŸ‡«ğŸ‡²,flag_micronesia,flag_fm,micronesia,flag-fm,fm
ğŸ‡«ğŸ‡´,flag_faroe_islands,faroe_islands,flag_fo,flag-fo,fo
ğŸ‡«ğŸ‡·,flag_france,flag_fr,france,fr,flag-fr
ğŸ‡¬ğŸ‡¦,flag_gabon,flag_ga,gabon,flag-ga,ga
ğŸ‡¬ğŸ‡§,flag_united_kingdom,flag_gb,uk,united_kingdom,gb,flag-gb
ğŸ‡¬ğŸ‡©,flag_grenada,flag_gd,grenada,flag-gd,gd
ğŸ‡¬ğŸ‡ª,flag_georgia,flag_ge,georgia,flag-ge,ge
ğŸ‡¬ğŸ‡«,flag_french_guiana,flag_gf,french_guiana,flag-gf,gf
ğŸ‡¬ğŸ‡¬,flag_guernsey,flag_gg,guernsey,flag-gg,gg
ğŸ‡¬ğŸ‡­,flag_ghana,flag_gh,ghana,flag-gh,gh
ğŸ‡¬ğŸ‡®,flag_gibraltar,flag_gi,gibraltar,flag-gi,gi
ğŸ‡¬ğŸ‡±,flag_greenland,flag_gl,greenland,flag-gl,gl
ğŸ‡¬ğŸ‡²,flag_gambia,flag_gm,gambia,flag-gm,gm
ğŸ‡¬ğŸ‡³,flag_guinea,flag_gn,guinea,flag-gn,gn
ğŸ‡¬ğŸ‡µ,flag_guadeloupe,flag_gp,guadeloupe,flag-gp,gp
ğŸ‡¬ğŸ‡¶,flag_equatorial_guinea,equatorial_guinea,flag_gq,flag-gq,gq
ğŸ‡¬ğŸ‡·,flag_greece,flag_gr,greece,flag-gr,gr
ğŸ‡¬ğŸ‡¸,flag_south_georgia_south_sandwich_islands,flag_gs,south_georgia_south_sandwich_islands,flag-gs,gs
ğŸ‡¬ğŸ‡¹,flag_guatemala,flag_gt,guatemala,flag-gt,gt
ğŸ‡¬ğŸ‡º,flag_guam,flag_gu,guam,flag-gu,gu
ğŸ‡¬ğŸ‡¼,flag_guinea_bissau,flag_gw,guinea_bissau,flag-gw,gw
ğŸ‡¬ğŸ‡¾,flag_guyana,flag_gy,guyana,flag-gy,gy
ğŸ‡­ğŸ‡°,flag_hong_kong_sar_china,flag_hk,hong_kong,flag-hk,hk
ğŸ‡­ğŸ‡²,flag_heard_mcdonald_islands,flag_hm,heard_mcdonald_islands,flag-hm,hm
ğŸ‡­ğŸ‡³,flag_honduras,flag_hn,honduras,flag-hn,hn
ğŸ‡­ğŸ‡·,flag_croatia,croatia,flag_hr,flag-hr,hr
ğŸ‡­ğŸ‡¹,flag_haiti,flag_ht,haiti,flag-ht,ht
ğŸ‡­ğŸ‡º,flag_hungary,flag_hu,hungary,flag-hu,hu
ğŸ‡®ğŸ‡¨,flag_canary_islands,canary_islands,flag_ic,flag-ic,ic
ğŸ‡®ğŸ‡©,flag_indonesia,flag_id,indonesia,flag-id
ğŸ‡®ğŸ‡ª,flag_ireland,flag_ie,ireland,flag-ie,ie
ğŸ‡®ğŸ‡±,flag_israel,flag_il,israel,flag-il,il
ğŸ‡®ğŸ‡²,flag_isle_of_man,flag_im,isle_of_man,flag-im,im
ğŸ‡®ğŸ‡³,flag_india,flag_in,india,flag-in,in
ğŸ‡®ğŸ‡´,flag_british_indian_ocean_territory,british_indian_ocean_territory,flag_io,flag-io,io
ğŸ‡®ğŸ‡¶,flag_iraq,flag_iq,iraq,flag-iq,iq
ğŸ‡®ğŸ‡·,flag_iran,flag_ir,iran,flag-ir,ir
ğŸ‡®ğŸ‡¸,flag_iceland,flag_is,iceland,flag-is,is
ğŸ‡®ğŸ‡¹,flag_italy,flag_it,italy,it,flag-it
ğŸ‡¯ğŸ‡ª,flag_jersey,flag_je,jersey,flag-je,je
ğŸ‡¯ğŸ‡²,flag_jamaica,flag_jm,jamaica,flag-jm,jm
ğŸ‡¯ğŸ‡´,flag_jordan,flag_jo,jordan,flag-jo,jo
ğŸ‡¯ğŸ‡µ,flag_japan,flag_jp,japan,jp,flag-jp
ğŸ‡°ğŸ‡ª,flag_kenya,flag_ke,kenya,flag-ke,ke
ğŸ‡°ğŸ‡¬,flag_kyrgyzstan,flag_kg,kyrgyzstan,flag-kg,kg
ğŸ‡°ğŸ‡­,flag_cambodia,cambodia,flag_kh,flag-kh,kh
ğŸ‡°ğŸ‡®,flag_kiribati,flag_ki,kiribati,flag-ki,ki
ğŸ‡°ğŸ‡²,flag_comoros,comoros,flag_km,flag-km,km
ğŸ‡°ğŸ‡³,flag_st_kitts_nevis,flag_kn,st_kitts_nevis,flag-kn,kn
ğŸ‡°ğŸ‡µ,flag_north_korea,flag_kp,north_korea,flag-kp,kp
ğŸ‡°ğŸ‡·,flag_south_korea,flag_kr,south_korea,kr,flag-kr
ğŸ‡°ğŸ‡¼,flag_kuwait,flag_kw,kuwait,flag-kw,kw
ğŸ‡°ğŸ‡¾,flag_cayman_islands,cayman_islands,flag_ky,flag-ky,ky
ğŸ‡°ğŸ‡¿,flag_kazakhstan,flag_kz,kazakhstan,flag-kz,kz
ğŸ‡±ğŸ‡¦,flag_laos,flag_la,laos,flag-la,la
ğŸ‡±ğŸ‡§,flag_lebanon,flag_lb,lebanon,flag-lb,lb
ğŸ‡±ğŸ‡¨,flag_st_lucia,flag_lc,st_lucia,flag-lc,lc
ğŸ‡±ğŸ‡®,flag_liechtenstein,flag_li,liechtenstein,flag-li,li
ğŸ‡±ğŸ‡°,flag_sri_lanka,flag_lk,sri_lanka,flag-lk,lk
ğŸ‡±ğŸ‡·,flag_liberia,flag_lr,liberia,flag-lr,lr
ğŸ‡±ğŸ‡¸,flag_lesotho,flag_ls,lesotho,flag-ls,ls
ğŸ‡±ğŸ‡¹,flag_lithuania,flag_lt,lithuania,flag-lt,lt
ğŸ‡±ğŸ‡º,flag_luxembourg,flag_lu,luxembourg,flag-lu,lu
ğŸ‡±ğŸ‡»,flag_latvia,flag_lv,latvia,flag-lv,lv
ğŸ‡±ğŸ‡¾,flag_libya,flag_ly,libya,flag-ly,ly
ğŸ‡²ğŸ‡¦,flag_morocco,flag_ma,morocco,flag-ma,ma
ğŸ‡²ğŸ‡¨,flag_monaco,flag_mc,monaco,flag-mc,mc
ğŸ‡²ğŸ‡©,flag_moldova,flag_md,moldova,flag-md,md
ğŸ‡²ğŸ‡ª,flag_montenegro,flag_me,montenegro,flag-me,me
ğŸ‡²ğŸ‡«,flag_st_martin,flag_mf,st_martin,flag-mf,mf
ğŸ‡²ğŸ‡¬,flag_madagascar,flag_mg,madagascar,flag-mg,mg
ğŸ‡²ğŸ‡­,flag_marshall_islands,flag_mh,marshall_islands,flag-mh,mh
ğŸ‡²ğŸ‡°,flag_north_macedonia,flag_mk,macedonia,flag-mk,mk
ğŸ‡²ğŸ‡±,flag_mali,flag_ml,mali,flag-ml,ml
ğŸ‡²ğŸ‡²,flag_myanmar_burma,burma,flag_mm,myanmar,flag-mm,mm
ğŸ‡²ğŸ‡³,flag_mongolia,flag_mn,mongolia,flag-mn,mn
ğŸ‡²ğŸ‡´,flag_macao_sar_china,flag_mo,macao,macau,flag-mo,mo
ğŸ‡²ğŸ‡µ,flag_northern_mariana_islands,flag_mp,northern_mariana_islands,flag-mp,mp
ğŸ‡²ğŸ‡¶,flag_martinique,flag_mq,martinique,flag-mq,mq
ğŸ‡²ğŸ‡·,flag_mauritania,flag_mr,mauritania,flag-mr,mr
ğŸ‡²ğŸ‡¸,flag_montserrat,flag_ms,montserrat,flag-ms,ms
ğŸ‡²ğŸ‡¹,flag_malta,flag_mt,malta,flag-mt,mt
ğŸ‡²ğŸ‡º,flag_mauritius,flag_mu,mauritius,flag-mu,mu
ğŸ‡²ğŸ‡»,flag_maldives,flag_mv,maldives,flag-mv,mv
ğŸ‡²ğŸ‡¼,flag_malawi,flag_mw,malawi,flag-mw,mw
ğŸ‡²ğŸ‡½,flag_mexico,flag_mx,mexico,flag-mx,mx
ğŸ‡²ğŸ‡¾,flag_malaysia,flag_my,malaysia,flag-my,my
ğŸ‡²ğŸ‡¿,flag_mozambique,flag_mz,mozambique,flag-mz,mz
ğŸ‡³ğŸ‡¦,flag_namibia,flag_na,namibia,flag-na,na
ğŸ‡³ğŸ‡¨,flag_new_caledonia,flag_nc,new_caledonia,flag-nc,nc
ğŸ‡³ğŸ‡ª,flag_niger,flag_ne,niger,flag-ne,ne
ğŸ‡³ğŸ‡«,flag_norfolk_island,flag_nf,norfolk_island,flag-nf,nf
ğŸ‡³ğŸ‡¬,flag_nigeria,flag_ng,nigeria,flag-ng
ğŸ‡³ğŸ‡®,flag_nicaragua,flag_ni,nicaragua,flag-ni,ni
ğŸ‡³ğŸ‡±,flag_netherlands,flag_nl,netherlands,flag-nl,nl
ğŸ‡³ğŸ‡´,flag_norway,flag_no,norway,flag-no,no
ğŸ‡³ğŸ‡µ,flag_nepal,flag_np,nepal,flag-np,np
ğŸ‡³ğŸ‡·,flag_nauru,flag_nr,nauru,flag-nr,nr
ğŸ‡³ğŸ‡º,flag_niue,flag_nu,niue,flag-nu,nu
ğŸ‡³ğŸ‡¿,flag_new_zealand,flag_nz,new_zealand,flag-nz,nz
ğŸ‡´ğŸ‡²,flag_oman,flag_om,oman,flag-om,om
ğŸ‡µğŸ‡¦,flag_panama,flag_pa,panama,flag-pa,pa
ğŸ‡µğŸ‡ª,flag_peru,flag_pe,peru,flag-pe,pe
ğŸ‡µğŸ‡«,flag_french_polynesia,flag_pf,french_polynesia,flag-pf,pf
ğŸ‡µğŸ‡¬,flag_papua_new_guinea,flag_pg,papua_new_guinea,flag-pg,pg
ğŸ‡µğŸ‡­,flag_philippines,flag_ph,philippines,flag-ph,ph
ğŸ‡µğŸ‡°,flag_pakistan,flag_pk,pakistan,flag-pk,pk
ğŸ‡µğŸ‡±,flag_poland,flag_pl,poland,flag-pl,pl
ğŸ‡µğŸ‡²,flag_st_pierre_miquelon,flag_pm,st_pierre_miquelon,flag-pm,pm
ğŸ‡µğŸ‡³,flag_pitcairn_islands,flag_pn,pitcairn_islands,flag-pn,pn
ğŸ‡µğŸ‡·,flag_puerto_rico,flag_pr,puerto_rico,flag-pr,pr
ğŸ‡µğŸ‡¸,flag_palestinian_territories,flag_ps,palestinian_territories,flag-ps,ps
ğŸ‡µğŸ‡¹,flag_portugal,flag_pt,portugal,flag-pt,pt
ğŸ‡µğŸ‡¼,flag_palau,flag_pw,palau,flag-pw,pw
ğŸ‡µğŸ‡¾,flag_paraguay,flag_py,paraguay,flag-py,py
ğŸ‡¶ğŸ‡¦,flag_qatar,flag_qa,qatar,flag-qa,qa
ğŸ‡·ğŸ‡ª,flag_reunion,flag_re,reunion,flag-re,re
ğŸ‡·ğŸ‡´,flag_romania,flag_ro,romania,flag-ro,ro
ğŸ‡·ğŸ‡¸,flag_serbia,flag_rs,serbia,flag-rs,rs
ğŸ‡·ğŸ‡º,flag_russia,flag_ru,russia,ru,flag-ru
ğŸ‡·ğŸ‡¼,flag_rwanda,flag_rw,rwanda,flag-rw,rw
ğŸ‡¸ğŸ‡¦,flag_saudi_arabia,flag_sa,saudi_arabia,flag-sa,saudi,saudiarabia
ğŸ‡¸ğŸ‡§,flag_solomon_islands,flag_sb,solomon_islands,flag-sb,sb
ğŸ‡¸ğŸ‡¨,flag_seychelles,flag_sc,seychelles,flag-sc,sc
ğŸ‡¸ğŸ‡©,flag_sudan,flag_sd,sudan,flag-sd,sd
ğŸ‡¸ğŸ‡ª,flag_sweden,flag_se,sweden,flag-se,se
ğŸ‡¸ğŸ‡¬,flag_singapore,flag_sg,singapore,flag-sg,sg
ğŸ‡¸ğŸ‡­,flag_st_helena,flag_sh,st_helena,flag-sh,sh
ğŸ‡¸ğŸ‡®,flag_slovenia,flag_si,slovenia,flag-si,si
ğŸ‡¸ğŸ‡¯,flag_svalbard_jan_mayen,flag_sj,svalbard_jan_mayen,flag-sj,sj
ğŸ‡¸ğŸ‡°,flag_slovakia,flag_sk,slovakia,flag-sk,sk
ğŸ‡¸ğŸ‡±,flag_sierra_leone,flag_sl,sierra_leone,flag-sl,sl
ğŸ‡¸ğŸ‡²,flag_san_marino,flag_sm,san_marino,flag-sm,sm
ğŸ‡¸ğŸ‡³,flag_senegal,flag_sn,senegal,flag-sn,sn
ğŸ‡¸ğŸ‡´,flag_somalia,flag_so,somalia,flag-so,so
ğŸ‡¸ğŸ‡·,flag_suriname,flag_sr,suriname,flag-sr,sr
ğŸ‡¸ğŸ‡¸,flag_south_sudan,flag_ss,south_sudan,flag-ss,ss
ğŸ‡¸ğŸ‡¹,flag_sao_tome_principe,flag_st,sao_tome_principe,flag-st,st
ğŸ‡¸ğŸ‡»,flag_el_salvador,el_salvador,flag_sv,flag-sv,sv
ğŸ‡¸ğŸ‡½,flag_sint_maarten,flag_sx,sint_maarten,flag-sx,sx
ğŸ‡¸ğŸ‡¾,flag_syria,flag_sy,syria,flag-sy,sy
ğŸ‡¸ğŸ‡¿,flag_eswatini,eswatini,flag_sz,swaziland,flag-sz,sz
ğŸ‡¹ğŸ‡¦,flag_tristan_da_cunha,flag_ta,tristan_da_cunha,flag-ta,ta
ğŸ‡¹ğŸ‡¨,flag_turks_caicos_islands,flag_tc,turks_caicos_islands,flag-tc,tc
ğŸ‡¹ğŸ‡©,flag_chad,chad,flag_td,flag-td,td
ğŸ‡¹ğŸ‡«,flag_french_southern_territories,flag_tf,french_southern_territories,flag-tf,tf
ğŸ‡¹ğŸ‡¬,flag_togo,flag_tg,togo,flag-tg,tg
ğŸ‡¹ğŸ‡­,flag_thailand,flag_th,thailand,flag-th,th
ğŸ‡¹ğŸ‡¯,flag_tajikistan,flag_tj,tajikistan,flag-tj,tj
ğŸ‡¹ğŸ‡°,flag_tokelau,flag_tk,tokelau,flag-tk,tk
ğŸ‡¹ğŸ‡±,flag_timor_leste,flag_tl,timor_leste,flag-tl,tl
ğŸ‡¹ğŸ‡²,flag_turkmenistan,flag_tm,turkmenistan,flag-tm
ğŸ‡¹ğŸ‡³,flag_tunisia,flag_tn,tunisia,flag-tn,tn
ğŸ‡¹ğŸ‡´,flag_tonga,flag_to,tonga,flag-to,to
ğŸ‡¹ğŸ‡·,flag_turkiye,flag_tr,turkey_tr,tr,flag-tr
ğŸ‡¹ğŸ‡¹,flag_trinidad_tobago,flag_tt,trinidad_tobago,flag-tt,tt
ğŸ‡¹ğŸ‡»,flag_tuvalu,flag_tv,tuvalu,flag-tv
ğŸ‡¹ğŸ‡¼,flag_taiwan,flag_tw,taiwan,flag-tw,tw
ğŸ‡¹ğŸ‡¿,flag_tanzania,flag_tz,tanzania,flag-tz,tz
ğŸ‡ºğŸ‡¦,flag_ukraine,flag_ua,ukraine,flag-ua,ua
ğŸ‡ºğŸ‡¬,flag_uganda,flag_ug,uganda,flag-ug,ug
ğŸ‡ºğŸ‡²,flag_us_outlying_islands,flag_um,us_outlying_islands,flag-um,um
ğŸ‡ºğŸ‡³,flag_united_nations,flag_un,un,united_nations,flag-un
ğŸ‡ºğŸ‡¸,flag_united_states,flag_us,united_states,usa,us,flag-us
ğŸ‡ºğŸ‡¾,flag_uruguay,flag_uy,uruguay,flag-uy,uy
ğŸ‡ºğŸ‡¿,flag_uzbekistan,flag_uz,uzbekistan,flag-uz,uz
ğŸ‡»ğŸ‡¦,flag_vatican_city,flag_va,vatican_city,flag-va,va
ğŸ‡»ğŸ‡¨,flag_st_vincent_grenadines,flag_vc,st_vincent_grenadines,flag-vc,vc
ğŸ‡»ğŸ‡ª,flag_venezuela,flag_ve,venezuela,flag-ve,ve
ğŸ‡»ğŸ‡¬,flag_british_virgin_islands,british_virgin_islands,flag_vg,flag-vg,vg
ğŸ‡»ğŸ‡®,flag_us_virgin_islands,flag_vi,us_virgin_islands,flag-vi,vi
ğŸ‡»ğŸ‡³,flag_vietnam,flag_vn,vietnam,flag-vn,vn
ğŸ‡»ğŸ‡º,flag_vanuatu,flag_vu,vanuatu,flag-vu,vu
ğŸ‡¼ğŸ‡«,flag_wallis_futuna,flag_wf,wallis_futuna,flag-wf,wf
ğŸ‡¼ğŸ‡¸,flag_samoa,flag_ws,samoa,flag-ws,ws
ğŸ‡½ğŸ‡°,flag_kosovo,flag_xk,kosovo,flag-xk,xk
ğŸ‡¾ğŸ‡ª,flag_yemen,flag_ye,yemen,flag-ye,ye
ğŸ‡¾ğŸ‡¹,flag_mayotte,flag_yt,mayotte,flag-yt,yt
ğŸ‡¿ğŸ‡¦,flag_south_africa,flag_za,south_africa,flag-za,za
ğŸ‡¿ğŸ‡²,flag_zambia,flag_zm,zambia,flag-zm,zm
ğŸ‡¿ğŸ‡¼,flag_zimbabwe,flag_zw,zimbabwe,flag-zw,zw
ğŸ´ó §ó ¢ó ¥ó ®ó §ó ¿,flag_england,england,flag_gbeng,flag-england
ğŸ´ó §ó ¢ó ³ó £ó ´ó ¿,flag_scotland,flag_gbsct,scotland,flag-scotland
ğŸ´ó §ó ¢ó ·ó ¬ó ³ó ¿,flag_wales,flag_gbwls,wales,flag-wales
ğŸ‡¦,regional_indicator_a
ğŸ‡§,regional_indicator_b
ğŸ‡¨,regional_indicator_c
ğŸ‡©,regional_indicator_d
ğŸ‡ª,regional_indicator_e
ğŸ‡«,regional_indicator_f
ğŸ‡¬,regional_indicator_g
ğŸ‡­,regional_indicator_h
ğŸ‡®,regional_indicator_i
ğŸ‡¯,regional_indicator_j
ğŸ‡°,regional_indicator_k
ğŸ‡±,regional_indicator_l
ğŸ‡²,regional_indicator_m
ğŸ‡³,regional_indicator_n
ğŸ‡´,regional_indicator_o
ğŸ‡µ,regional_indicator_p
ğŸ‡¶,regional_indicator_q
ğŸ‡·,regional_indicator_r
ğŸ‡¸,regional_indicator_s
ğŸ‡¹,regional_indicator_t
ğŸ‡º,regional_indicator_u
ğŸ‡»,regional_indicator_v
ğŸ‡¼,regional_indicator_w
ğŸ‡½,regional_indicator_x
ğŸ‡¾,regional_indicator_y
ğŸ‡¿,regional_indicator_z